Workbook

Sheet HOME
A2: WISH2CARE SAFE HEALTH INTELLIGENCE SYSTEM
A3: School Assessment For Excellence | Student Health Screening & Scoring Platform
B6: PROGRAMME OVERVIEW
B7: This workbook screens students aged 7-30 in schools and colleges in 5-7 minutes per student. It produces an Overall Health Score, Nutrition Score, Undernutrition Risk Score, Lifestyle Score, Mental Wellness Score, Preventive Health Score and a School Health Index - all calculated automatically. This is a v1.0 instrument: pilot-test and statistically validate locally before using scores for clinical or policy decisions.
B11: NAVIGATE
B12: 1. STUDENT SCREENING
B13: Register students and capture the 7-section screening (Anthropometry, Diet, Lifestyle, Medical History, Mental Wellness, Clinical Observation, Preventive Health).
B14: 2. DOCTOR ASSESSMENT
B15: Doctor's diagnosis, advice, referral and follow-up decisions per student.
B16: 3. PARENT REPORT
B17: Printable one-page report per student: pick a Student ID, everything else fills in.
B18: 4. SCHOOL DASHBOARD
B19: Live cohort statistics, risk distribution and top health problems with charts.
B20: 5. RESEARCH DATABASE
... B29: COLOUR KEY - RISK BANDS
B30: 90+ Green Healthy | C30: 75-89 Light Green Mild Watch | D30: 60-74 Yellow Mild Risk | E30: 40-59 Orange Moderate Risk | F30: Below 40 Red High Risk
B32: Wish2Care Wellness Pvt Ltd | SAFE Programme | Confidential Student Health Data - handle per India DPDP Act 2023

Sheet STUDENT SCREENING
A1: STUDENT SCREENING | Wish2Care SAFE Health Intelligence System
A2: Student Registration | Q2: Section A - Anthropometry | W2: Section B - Diet | AD2: Section C - Lifestyle | AJ2: Section D - Medical History | AQ2: Section E - Mental Wellness | AU2: Section F - Clinical Observation | BA2: Section G - Preventive Health | BF2: Automated Scoring
A3: Student ID | B3: Screening Date | C3: School Name | D3: District | E3: State | F3: Class | G3: Division | H3: Roll Number | I3: Student Name | J3: Age | K3: Gender | L3: Date of Birth | M3: Parent Name | N3: Parent Mobile | O3: Emergency Contact | P3: Blood Group | Q3: Height (cm) | R3: Weight (kg) | S3: BMI | T3: BMI Category | U3: MUAC (cm) | V3: Waist Circumference (cm) | W3: Breakfast | X3: Fruit Intake | Y3: Vegetables | Z3: Protein Intake | AA3: Junk Food | AB3: Sugary Drinks | AC3: Water Intake | AD3: Physical Activity | AE3: Screen Time | AF3: Outdoor Play | AG3: Sleep Hours | AH3: Smoking | AI3: Alcohol | AJ3: Chronic Disease | AK3: Frequent Fever | AL3: Weight Loss | AM3: Poor Appetite | AN3: Repeated Infection | AO3: Hospitalisation | AP3: Medication | AQ3: Stress | AR3: Mood | AS3: Concentration | AT3: Bullying | AU3: Pallor | AV3: Dental Caries | AW3: Poor Oral Hygiene | AX3: Vision Problem | AY3: Hair Changes | AZ3: Skin Changes | BA3: Vaccination Complete | BB3: Deworming | BC3: Hand Hygiene | BD3: Dental Check-up | BE3: Vision Screening | BF3: Growth & Anthropometry Score | BG3: Diet Score | BH3: Lifestyle Score | BI3: Medical History Score | BJ3: Clinical Score | BK3: Mental Wellness Score | BL3: Preventive Score | BM3: Overall Health Score | BN3: Nutrition Score | BO3: Undernutrition Risk Score | BP3: Risk Category | BQ3: Need Referral | BR3: Need Doctor Review
A4: =IF(I4="","","STU"&TEXT(ROW()-3,"000000")) -> STU000001 | B4: 46204 | C4: Greenwood High | D4: Mumbai | E4: Maharashtra | F4: 8 | G4: A | H4: 12 | I4: Aarav Shah | J4: 13 | K4: Male | M4: Rakesh Shah | N4: 9876543210 | P4: B+ | Q4: 155 | R4: 45 | S4: =IF(OR(Q4="",R4=""),"",ROUND(R4/((Q4/100)^2),1)) -> 18.7 | T4: =IF(S4="","",IF(S4<18.5,"Underweight",IF(S4<25,"Normal",IF(S4<30,"Overweight","Obese")))) -> Normal | U4: 22 | V4: 60 | W4: Always | X4: Daily | Y4: Daily | Z4: Daily | AA4: Never | AB4: Never | AC4: More than 2L | AD4: Daily | AE4: Less than 2 hrs | AF4: Daily | AG4: 8+ hrs | AH4: Not Applicable | AI4: Not Applicable | AJ4: No | AK4: No | AL4: No | AM4: No | AN4: No | AO4: No | AP4: No | AQ4: Low | AR4: Happy | AS4: Good | AT4: No | AU4: No | AV4: No | AW4: No | AX4: No | AY4: No | AZ4: No | BA4: Yes | BB4: Yes | BC4: Good | BD4: Yes | BE4: Yes | BF4: =IF(T4="","",IF(T4="Normal",100,IF(T4="Overweight",65,IF(T4="Obese",50,IF(AND(U4<>"",U4<18.5),30,45))))) -> 100 | BG4: =IF(COUNTBLANK(W4:AC4)>0,"",ROUND(AVERAGE(INDEX('SCORING MASTER'!$D$5:$D$7,MATCH(W4,'SCORING MASTER'!$C$5:$C$7,0)),INDEX('SCORING MASTER'!$D$9:$D$11,MATCH(X4,'SCORING MASTER'!$C$9:$C$11,0)),INDEX('SCORING MASTER'!$D$13:$D$15,MATCH(Y4,'SCORING MASTER'!$C$13:$C$15,0)),INDEX('SCORING MASTER'!$D$17:$D$19,MATCH(Z4,'SCORING MASTER'!$C$17:$C$19,0)),INDEX('SCORING MASTER'!$D$21:$D$23,MATCH(AA4,'SCORING MASTER'!$C$21:$C$23,0)),INDEX('SCORING MASTER'!$D$25:$D$27,MATCH(AB4,'SCORING MASTER'!$C$25:$C$27,0)),INDEX('SCORING MASTER'!$D$29:$D$31,MATCH(AC4,'SCORING MASTER'!$C$29:$C$31,0)))*20,0)) -> 100 | BH4: =IF(COUNTBLANK(AD4:AI4)>0,"",ROUND(AVERAGE(INDEX('SCORING MASTER'!$D$33:$D$35,MATCH(AD4,'SCORING MASTER'!$C$33:$C$35,0)),INDEX('SCORING MASTER'!$D$37:$D$39,MATCH(AE4,'SCORING MASTER'!$C$37:$C$39,0)),INDEX('SCORING MASTER'!$D$41:$D$43,MATCH(AF4,'SCORING MASTER'!$C$41:$C$43,0)),INDEX('SCORING MASTER'!$D$45:$D$47,MATCH(AG4,'SCORING MASTER'!$C$45:$C$47,0)),INDEX('SCORING MASTER'!$D$49:$D$52,MATCH(AH4,'SCORING MASTER'!$C$49:$C$52,0)),INDEX('SCORING MASTER'!$D$54:$D$57,MATCH(AI4,'SCORING MASTER'!$C$54:$C$57,0)))*20,0)) -> 100 | BI4: =IF(COUNTBLANK(AJ4:AP4)>0,"",ROUND(AVERAGE(INDEX('SCORING MASTER'!$D$59:$D$60,MATCH(AJ4,'SCORING MASTER'!$C$59:$C$60,0)),INDEX('SCORING MASTER'!$D$62:$D$63,MATCH(AK4,'SCORING MASTER'!$C$62:$C$63,0)),INDEX('SCORING MASTER'!$D$65:$D$66,MATCH(AL4,'SCORING MASTER'!$C$65:$C$66,0)),INDEX('SCORING MASTER'!$D$68:$D$69,MATCH(AM4,'SCORING MASTER'!$C$68:$C$69,0)),INDEX('SCORING MASTER'!$D$71:$D$72,MATCH(AN4,'SCORING MASTER'!$C$71:$C$72,0)),INDEX('SCORING MASTER'!$D$74:$D$75,MATCH(AO4,'SCORING MASTER'!$C$74:$C$75,0)),INDEX('SCORING MASTER'!$D$77:$D$78,MATCH(AP4,'SCORING MASTER'!$C$77:$C$78,0)))*20,0)) -> 100 | BJ4: =IF(COUNTBLANK(AU4:AZ4)>0,"",ROUND(AVERAGE(INDEX('SCORING MASTER'!$D$95:$D$96,MATCH(AU4,'SCORING MASTER'!$C$95:$C$96,0)),INDEX('SCORING MASTER'!$D$98:$D$99,MATCH(AV4,'SCORING MASTER'!$C$98:$C$99,0)),INDEX('SCORING MASTER'!$D$101:$D$102,MATCH(AW4,'SCORING MASTER'!$C$101:$C$102,0)),INDEX('SCORING MASTER'!$D$104:$D$105,MATCH(AX4,'SCORING MASTER'!$C$104:$C$105,0)),INDEX('SCORING MASTER'!$D$107:$D$108,MATCH(AY4,'SCORING MASTER'!$C$107:$C$108,0)),INDEX('SCORING MASTER'!$D$110:$D$111,MATCH(AZ4,'SCORING MASTER'!$C$110:$C$111,0)))*20,0)) -> 100 | BK4: =IF(COUNTBLANK(AQ4:AT4)>0,"",ROUND(AVERAGE(INDEX('SCORING MASTER'!$D$80:$D$82,MATCH(AQ4,'SCORING MASTER'!$C$80:$C$82,0)),INDEX('SCORING MASTER'!$D$84:$D$86,MATCH(AR4,'SCORING MASTER'!$C$84:$C$86,0)),INDEX('SCORING MASTER'!$D$88:$D$90,MATCH(AS4,'SCORING MASTER'!$C$88:$C$90,0)),INDEX('SCORING MASTER'!$D$92:$D$93,MATCH(AT4,'SCORING MASTER'!$C$92:$C$93,0)))*20,0)) -> 100 | BL4: =IF(COUNTBLANK(BA4:BE4)>0,"",ROUND(AVERAGE(INDEX('SCORING MASTER'!$D$113:$D$115,MATCH(BA4,'SCORING MASTER'!$C$113:$C$115,0)),INDEX('SCORING MASTER'!$D$117:$D$119,MATCH(BB4,'SCORING MASTER'!$C$117:$C$119,0)),INDEX('SCORING MASTER'!$D$121:$D$123,MATCH(BC4,'SCORING MASTER'!$C$121:$C$123,0)),INDEX('SCORING MASTER'!$D$125:$D$126,MATCH(BD4,'SCORING MASTER'!$C$125:$C$126,0)),INDEX('SCORING MASTER'!$D$128:$D$129,MATCH(BE4,'SCORING MASTER'!$C$128:$C$129,0)))*20,0)) -> 100 | BM4: =IF(OR(BF4="",BG4="",BH4="",BI4="",BJ4="",BK4="",BL4=""),"",ROUND(BF4*0.25+BG4*0.2+BH4*0.15+BI4*0.15+BJ4*0.1+BK4*0.1+BL4*0.05,0)) -> 100 | BN4: =IF(OR(BF4="",BG4=""),"",ROUND(BF4*0.5+BG4*0.5,0)) -> 100 | BO4: =IF(BN4="","",ROUND(MIN(100,MAX(0,(100-BN4)+IF(AL4="Yes",15,0)+IF(AM4="Yes",15,0)+IF(AND(U4<>"",U4<18.5),20,0))),0)) -> 0 | BP4: =IF(BM4="","",IF(BM4>=90,"Green - Healthy",IF(BM4>=75,"Light Green - Mild Watch",IF(BM4>=60,"Yellow - Mild Risk",IF(BM4>=40,"Orange - Moderate Risk","Red - High Risk"))))) -> Green - Healthy | BQ4: =IF(BM4="","",IF(OR(BM4<60,BO4>=60,AJ4="Yes"),"Yes","No")) -> No | BR4: =IF(BM4="","",IF(OR(BP4="Orange - Moderate Risk",BP4="Red - High Risk",BQ4="Yes"),"Yes","No")) -> No
A5: =IF(I5="","","STU"&TEXT(ROW()-3,"000000")) -> STU000002 | B5: 46204 | C5: Greenwood High | D5: Mumbai | E5: Maharashtra | F5: 6 | G5: B | H5: 5 | I5: Priya Kadam | J5: 11 | K5: Female | M5: Sunita Kadam | N5: 9822011223 | P5: O+ | Q5: 128 | R5: 21 | S5: =IF(OR(Q5="",R5=""),"",ROUND(R5/((Q5/100)^2),1)) -> 12.8 | T5: =IF(S5="","",IF(S5<18.5,"Underweight",IF(S5<25,"Normal",IF(S5<30,"Overweight","Obese")))) -> Underweight | U5: 16 | V5: 48 | W5: Never | X5: Rarely | Y5: Rarely | Z5: Rarely | AA5: Daily | AB5: Daily | AC5: Less than 1L | AD5: Rarely | AE5: More than 4 hrs | AF5: Rarely | AG5: Less than 6 hrs | AH5: Not Applicable | AI5: Not Applicable | AJ5: No | AK5: Yes | AL5: Yes | AM5: Yes | AN5: Yes | AO5: No | AP5: No | AQ5: High | AR5: Low | AS5: Poor | AT5: Yes | AU5: Yes | AV5: Yes | AW5: Yes | AX5: No | AY5: Yes | AZ5: No | BA5: Partial | BB5: No | BC5: Poor | BD5: No | BE5: No | BF5: =IF(T5="","",IF(T5="Normal",100,IF(T5="Overweight",65,IF(T5="Obese",50,IF(AND(U5<>"",U5<18.5),30,45))))) -> 30 | BG5: =IF(COUNTBLANK(W5:AC5)>0,"",ROUND(AVERAGE(INDEX('SCORING MASTER'!$D$5:$D$7,MATCH(W5,'SCORING MASTER'!$C$5:$C$7,0)),INDEX('SCORING MASTER'!$D$9:$D$11,MATCH(X5,'SCORING MASTER'!$C$9:$C$11,0)),INDEX('SCORING MASTER'!$D$13:$D$15,MATCH(Y5,'SCORING MASTER'!$C$13:$C$15,0)),INDEX('SCORING MASTER'!$D$17:$D$19,MATCH(Z5,'SCORING MASTER'!$C$17:$C$19,0)),INDEX('SCORING MASTER'!$D$21:$D$23,MATCH(AA5,'SCORING MASTER'!$C$21:$C$23,0)),INDEX('SCORING MASTER'!$D$25:$D$27,MATCH(AB5,'SCORING MASTER'!$C$25:$C$27,0)),INDEX('SCORING MASTER'!$D$29:$D$31,MATCH(AC5,'SCORING MASTER'!$C$29:$C$31,0)))*20,0)) -> 0 | BH5: =IF(COUNTBLANK(AD5:AI5)>0,"",ROUND(AVERAGE(INDEX('SCORING MASTER'!$D$33:$D$35,MATCH(AD5,'SCORING MASTER'!$C$33:$C$35,0)),INDEX('SCORING MASTER'!$D$37:$D$39,MATCH(AE5,'SCORING MASTER'!$C$37:$C$39,0)),INDEX('SCORING MASTER'!$D$41:$D$43,MATCH(AF5,'SCORING MASTER'!$C$41:$C$43,0)),INDEX('SCORING MASTER'!$D$45:$D$47,MATCH(AG5,'SCORING MASTER'!$C$45:$C$47,0)),INDEX('SCORING MASTER'!$D$49:$D$52,MATCH(AH5,'SCORING MASTER'!$C$49:$C$52,0)),INDEX('SCORING MASTER'!$D$54:$D$57,MATCH(AI5,'SCORING MASTER'!$C$54:$C$57,0)))*20,0)) -> 33 | BI5: =IF(COUNTBLANK(AJ5:AP5)>0,"",ROUND(AVERAGE(INDEX('SCORING MASTER'!$D$59:$D$60,MATCH(AJ5,'SCORING MASTER'!$C$59:$C$60,0)),INDEX('SCORING MASTER'!$D$62:$D$63,MATCH(AK5,'SCORING MASTER'!$C$62:$C$63,0)),INDEX('SCORING MASTER'!$D$65:$D$66,MATCH(AL5,'SCORING MASTER'!$C$65:$C$66,0)),INDEX('SCORING MASTER'!$D$68:$D$69,MATCH(AM5,'SCORING MASTER'!$C$68:$C$69,0)),INDEX('SCORING MASTER'!$D$71:$D$72,MATCH(AN5,'SCORING MASTER'!$C$71:$C$72,0)),INDEX('SCORING MASTER'!$D$74:$D$75,MATCH(AO5,'SCORING MASTER'!$C$74:$C$75,0)),INDEX('SCORING MASTER'!$D$77:$D$78,MATCH(AP5,'SCORING MASTER'!$C$77:$C$78,0)))*20,0)) -> 43 | BJ5: =IF(COUNTBLANK(AU5:AZ5)>0,"",ROUND(AVERAGE(INDEX('SCORING MASTER'!$D$95:$D$96,MATCH(AU5,'SCORING MASTER'!$C$95:$C$96,0)),INDEX('SCORING MASTER'!$D$98:$D$99,MATCH(AV5,'SCORING MASTER'!$C$98:$C$99,0)),INDEX('SCORING MASTER'!$D$101:$D$102,MATCH(AW5,'SCORING MASTER'!$C$101:$C$102,0)),INDEX('SCORING MASTER'!$D$104:$D$105,MATCH(AX5,'SCORING MASTER'!$C$104:$C$105,0)),INDEX('SCORING MASTER'!$D$107:$D$108,MATCH(AY5,'SCORING MASTER'!$C$107:$C$108,0)),INDEX('SCORING MASTER'!$D$110:$D$111,MATCH(AZ5,'SCORING MASTER'!$C$110:$C$111,0)))*20,0)) -> 33 | BK5: =IF(COUNTBLANK(AQ5:AT5)>0,"",ROUND(AVERAGE(INDEX('SCORING MASTER'!$D$80:$D$82,MATCH(AQ5,'SCORING MASTER'!$C$80:$C$82,0)),INDEX('SCORING MASTER'!$D$84:$D$86,MATCH(AR5,'SCORING MASTER'!$C$84:$C$86,0)),INDEX('SCORING MASTER'!$D$88:$D$90,MATCH(AS5,'SCORING MASTER'!$C$88:$C$90,0)),INDEX('SCORING MASTER'!$D$92:$D$93,MATCH(AT5,'SCORING MASTER'!$C$92:$C$93,0)))*20,0)) -> 0 | BL5: =IF(COUNTBLANK(BA5:BE5)>0,"",ROUND(AVERAGE(INDEX('SCORING MASTER'!$D$113:$D$115,MATCH(BA5,'SCORING MASTER'!$C$113:$C$115,0)),INDEX('SCORING MASTER'!$D$117:$D$119,MATCH(BB5,'SCORING MASTER'!$C$117:$C$119,0)),INDEX('SCORING MASTER'!$D$121:$D$123,MATCH(BC5,'SCORING MASTER'!$C$121:$C$123,0)),INDEX('SCORING MASTER'!$D$125:$D$126,MATCH(BD5,'SCORING MASTER'!$C$125:$C$126,0)),INDEX('SCORING MASTER'!$D$128:$D$129,MATCH(BE5,'SCORING MASTER'!$C$128:$C$129,0)))*20,0)) -> 12 | BM5: =IF(OR(BF5="",BG5="",BH5="",BI5="",BJ5="",BK5="",BL5=""),"",ROUND(BF5*0.25+BG5*0.2+BH5*0.15+BI5*0.15+BJ5*0.1+BK5*0.1+BL5*0.05,0)) -> 23 | BN5: =IF(OR(BF5="",BG5=""),"",ROUND(BF5*0.5+BG5*0.5,0)) -> 15 | BO5: =IF(BN5="","",ROUND(MIN(100,MAX(0,(100-BN5)+IF(AL5="Yes",15,0)+IF(AM5="Yes",15,0)+IF(AND(U5<>"",U5<18.5),20,0))),0)) -> 100 | BP5: =IF(BM5="","",IF(BM5>=90,"Green - Healthy",IF(BM5>=75,"Light Green - Mild Watch",IF(BM5>=60,"Yellow - Mild Risk",IF(BM5>=40,"Orange - Moderate Risk","Red - High Risk"))))) -> Red - High Risk | BQ5: =IF(BM5="","",IF(OR(BM5<60,BO5>=60,AJ5="Yes"),"Yes","No")) -> Yes | BR5: =IF(BM5="","",IF(OR(BP5="Orange - Moderate Risk",BP5="Red - High Risk",BQ5="Yes"),"Yes","No")) -> Yes
A6: =IF(I6="","","STU"&TEXT(ROW()-3,"000000")) -> STU000003 | B6: 46204 | C6: St. Xavier's College | D6: Pune | E6: Maharashtra | F6: UG-2 | G6: C | H6: 45 | I6: Rohan Deshmukh | J6: 19 | K6: Male | M6: Vijay Deshmukh | N6: 9765432109 | P6: A+ | Q6: 172 | R6: 88 | S6: =IF(OR(Q6="",R6=""),"",ROUND(R6/((Q6/100)^2),1)) -> 29.7 | T6: =IF(S6="","",IF(S6<18.5,"Underweight",IF(S6<25,"Normal",IF(S6<30,"Overweight","Obese")))) -> Overweight | U6: 27 | V6: 98 | W6: Sometimes | X6: 3-5 per week | Y6: Sometimes | Z6: Daily | AA6: Weekly | AB6: Weekly | AC6: 1-2L | AD6: Rarely | AE6: More than 4 hrs | AF6: Rarely | AG6: Less than 6 hrs | AH6: Occasional | AI6: Occasional | AJ6: No | AK6: No | AL6: No | AM6: No | AN6: No | AO6: No | AP6: No | AQ6: High | AR6: Neutral | AS6: Average | AT6: No | AU6: No | AV6: Yes | AW6: No | AX6: Yes | AY6: No | AZ6: No | BA6: Yes | BB6: Yes | BC6: Average | BD6: No | BE6: No | BF6: =IF(T6="","",IF(T6="Normal",100,IF(T6="Overweight",65,IF(T6="Obese",50,IF(AND(U6<>"",U6<18.5),30,45))))) -> 65 | BG6: =IF(COUNTBLANK(W6:AC6)>0,"",ROUND(AVERAGE(INDEX('SCORING MASTER'!$D$5:$D$7,MATCH(W6,'SCORING MASTER'!$C$5:$C$7,0)),INDEX('SCORING MASTER'!$D$9:$D$11,MATCH(X6,'SCORING MASTER'!$C$9:$C$11,0)),INDEX('SCORING MASTER'!$D$13:$D$15,MATCH(Y6,'SCORING MASTER'!$C$13:$C$15,0)),INDEX('SCORING MASTER'!$D$17:$D$19,MATCH(Z6,'SCORING MASTER'!$C$17:$C$19,0)),INDEX('SCORING MASTER'!$D$21:$D$23,MATCH(AA6,'SCORING MASTER'!$C$21:$C$23,0)),INDEX('SCORING MASTER'!$D$25:$D$27,MATCH(AB6,'SCORING MASTER'!$C$25:$C$27,0)),INDEX('SCORING MASTER'!$D$29:$D$31,MATCH(AC6,'SCORING MASTER'!$C$29:$C$31,0)))*20,0)) -> 66 | BH6: =IF(COUNTBLANK(AD6:AI6)>0,"",ROUND(AVERAGE(INDEX('SCORING MASTER'!$D$33:$D$35,MATCH(AD6,'SCORING MASTER'!$C$33:$C$35,0)),INDEX('SCORING MASTER'!$D$37:$D$39,MATCH(AE6,'SCORING MASTER'!$C$37:$C$39,0)),INDEX('SCORING MASTER'!$D$41:$D$43,MATCH(AF6,'SCORING MASTER'!$C$41:$C$43,0)),INDEX('SCORING MASTER'!$D$45:$D$47,MATCH(AG6,'SCORING MASTER'!$C$45:$C$47,0)),INDEX('SCORING MASTER'!$D$49:$D$52,MATCH(AH6,'SCORING MASTER'!$C$49:$C$52,0)),INDEX('SCORING MASTER'!$D$54:$D$57,MATCH(AI6,'SCORING MASTER'!$C$54:$C$57,0)))*20,0)) -> 13 | BI6: =IF(COUNTBLANK(AJ6:AP6)>0,"",ROUND(AVERAGE(INDEX('SCORING MASTER'!$D$59:$D$60,MATCH(AJ6,'SCORING MASTER'!$C$59:$C$60,0)),INDEX('SCORING MASTER'!$D$62:$D$63,MATCH(AK6,'SCORING MASTER'!$C$62:$C$63,0)),INDEX('SCORING MASTER'!$D$65:$D$66,MATCH(AL6,'SCORING MASTER'!$C$65:$C$66,0)),INDEX('SCORING MASTER'!$D$68:$D$69,MATCH(AM6,'SCORING MASTER'!$C$68:$C$69,0)),INDEX('SCORING MASTER'!$D$71:$D$72,MATCH(AN6,'SCORING MASTER'!$C$71:$C$72,0)),INDEX('SCORING MASTER'!$D$74:$D$75,MATCH(AO6,'SCORING MASTER'!$C$74:$C$75,0)),INDEX('SCORING MASTER'!$D$77:$D$78,MATCH(AP6,'SCORING MASTER'!$C$77:$C$78,0)))*20,0)) -> 100 | BJ6: =IF(COUNTBLANK(AU6:AZ6)>0,"",ROUND(AVERAGE(INDEX('SCORING MASTER'!$D$95:$D$96,MATCH(AU6,'SCORING MASTER'!$C$95:$C$96,0)),INDEX('SCORING MASTER'!$D$98:$D$99,MATCH(AV6,'SCORING MASTER'!$C$98:$C$99,0)),INDEX('SCORING MASTER'!$D$101:$D$102,MATCH(AW6,'SCORING MASTER'!$C$101:$C$102,0)),INDEX('SCORING MASTER'!$D$104:$D$105,MATCH(AX6,'SCORING MASTER'!$C$104:$C$105,0)),INDEX('SCORING MASTER'!$D$107:$D$108,MATCH(AY6,'SCORING MASTER'!$C$107:$C$108,0)),INDEX('SCORING MASTER'!$D$110:$D$111,MATCH(AZ6,'SCORING MASTER'!$C$110:$C$111,0)))*20,0)) -> 67 | BK6: =IF(COUNTBLANK(AQ6:AT6)>0,"",ROUND(AVERAGE(INDEX('SCORING MASTER'!$D$80:$D$82,MATCH(AQ6,'SCORING MASTER'!$C$80:$C$82,0)),INDEX('SCORING MASTER'!$D$84:$D$86,MATCH(AR6,'SCORING MASTER'!$C$84:$C$86,0)),INDEX('SCORING MASTER'!$D$88:$D$90,MATCH(AS6,'SCORING MASTER'!$C$88:$C$90,0)),INDEX('SCORING MASTER'!$D$92:$D$93,MATCH(AT6,'SCORING MASTER'!$C$92:$C$93,0)))*20,0)) -> 55 | BL6: =IF(COUNTBLANK(BA6:BE6)>0,"",ROUND(AVERAGE(INDEX('SCORING MASTER'!$D$113:$D$115,MATCH(BA6,'SCORING MASTER'!$C$113:$C$115,0)),INDEX('SCORING MASTER'!$D$117:$D$119,MATCH(BB6,'SCORING MASTER'!$C$117:$C$119,0)),INDEX('SCORING MASTER'!$D$121:$D$123,MATCH(BC6,'SCORING MASTER'!$C$121:$C$123,0)),INDEX('SCORING MASTER'!$D$125:$D$126,MATCH(BD6,'SCORING MASTER'!$C$125:$C$126,0)),INDEX('SCORING MASTER'!$D$128:$D$129,MATCH(BE6,'SCORING MASTER'!$C$128:$C$129,0)))*20,0)) -> 52 | BM6: =IF(OR(BF6="",BG6="",BH6="",BI6="",BJ6="",BK6="",BL6=""),"",ROUND(BF6*0.25+BG6*0.2+BH6*0.15+BI6*0.15+BJ6*0.1+BK6*0.1+BL6*0.05,0)) -> 61 | BN6: =IF(OR(BF6="",BG6=""),"",ROUND(BF6*0.5+BG6*0.5,0)) -> 66 | BO6: =IF(BN6="","",ROUND(MIN(100,MAX(0,(100-BN6)+IF(AL6="Yes",15,0)+IF(AM6="Yes",15,0)+IF(AND(U6<>"",U6<18.5),20,0))),0)) -> 34 | BP6: =IF(BM6="","",IF(BM6>=90,"Green - Healthy",IF(BM6>=75,"Light Green - Mild Watch",IF(BM6>=60,"Yellow - Mild Risk",IF(BM6>=40,"Orange - Moderate Risk","Red - High Risk"))))) -> Yellow - Mild Risk | BQ6: =IF(BM6="","",IF(OR(BM6<60,BO6>=60,AJ6="Yes"),"Yes","No")) -> No | BR6: =IF(BM6="","",IF(OR(BP6="Orange - Moderate Risk",BP6="Red - High Risk",BQ6="Yes"),"Yes","No")) -> No
A7: =IF(I7="","","STU"&TEXT(ROW()-3,"000000")) -> STU000004 | B7: 46204 | C7: St. Xavier's College | D7: Pune | E7: Maharashtra | F7: UG-1 | G7: A | H7: 8 | I7: Sneha Iyer | J7: 18 | K7: Female | M7: Lakshmi Iyer | N7: 9900112233 | P7: AB+ | Q7: 160 | R7: 54 | S7: =IF(OR(Q7="",R7=""),"",ROUND(R7/((Q7/100)^2),1)) -> 21.1 | T7: =IF(S7="","",IF(S7<18.5,"Underweight",IF(S7<25,"Normal",IF(S7<30,"Overweight","Obese")))) -> Normal | U7: 24 | V7: 70 | W7: Always | X7: 3-5 per week | Y7: Daily | Z7: 3-5 per week | AA7: Weekly | AB7: Never | AC7: 1-2L | AD7: 3-5 per week | AE7: 2-4 hrs | AF7: 3-5 per week | AG7: 6-8 hrs | AH7: Never | AI7: Never | AJ7: No | AK7: No | AL7: No | AM7: No | AN7: No | AO7: No | AP7: No | AQ7: Moderate | AR7: Neutral | AS7: Average | AT7: No | AU7: No | AV7: No | AW7: No | AX7: No | AY7: No | AZ7: No | BA7: Yes | BB7: Yes | BC7: Good | BD7: Yes | BE7: Yes | BF7: =IF(T7="","",IF(T7="Normal",100,IF(T7="Overweight",65,IF(T7="Obese",50,IF(AND(U7<>"",U7<18.5),30,45))))) -> 100 | BG7: =IF(COUNTBLANK(W7:AC7)>0,"",ROUND(AVERAGE(INDEX('SCORING MASTER'!$D$5:$D$7,MATCH(W7,'SCORING MASTER'!$C$5:$C$7,0)),INDEX('SCORING MASTER'!$D$9:$D$11,MATCH(X7,'SCORING MASTER'!$C$9:$C$11,0)),INDEX('SCORING MASTER'!$D$13:$D$15,MATCH(Y7,'SCORING MASTER'!$C$13:$C$15,0)),INDEX('SCORING MASTER'!$D$17:$D$19,MATCH(Z7,'SCORING MASTER'!$C$17:$C$19,0)),INDEX('SCORING MASTER'!$D$21:$D$23,MATCH(AA7,'SCORING MASTER'!$C$21:$C$23,0)),INDEX('SCORING MASTER'!$D$25:$D$27,MATCH(AB7,'SCORING MASTER'!$C$25:$C$27,0)),INDEX('SCORING MASTER'!$D$29:$D$31,MATCH(AC7,'SCORING MASTER'!$C$29:$C$31,0)))*20,0)) -> 77 | BH7: =IF(COUNTBLANK(AD7:AI7)>0,"",ROUND(AVERAGE(INDEX('SCORING MASTER'!$D$33:$D$35,MATCH(AD7,'SCORING MASTER'!$C$33:$C$35,0)),INDEX('SCORING MASTER'!$D$37:$D$39,MATCH(AE7,'SCORING MASTER'!$C$37:$C$39,0)),INDEX('SCORING MASTER'!$D$41:$D$43,MATCH(AF7,'SCORING MASTER'!$C$41:$C$43,0)),INDEX('SCORING MASTER'!$D$45:$D$47,MATCH(AG7,'SCORING MASTER'!$C$45:$C$47,0)),INDEX('SCORING MASTER'!$D$49:$D$52,MATCH(AH7,'SCORING MASTER'!$C$49:$C$52,0)),INDEX('SCORING MASTER'!$D$54:$D$57,MATCH(AI7,'SCORING MASTER'!$C$54:$C$57,0)))*20,0)) -> 73 | BI7: =IF(COUNTBLANK(AJ7:AP7)>0,"",ROUND(AVERAGE(INDEX('SCORING MASTER'!$D$59:$D$60,MATCH(AJ7,'SCORING MASTER'!$C$59:$C$60,0)),INDEX('SCORING MASTER'!$D$62:$D$63,MATCH(AK7,'SCORING MASTER'!$C$62:$C$63,0)),INDEX('SCORING MASTER'!$D$65:$D$66,MATCH(AL7,'SCORING MASTER'!$C$65:$C$66,0)),INDEX('SCORING MASTER'!$D$68:$D$69,MATCH(AM7,'SCORING MASTER'!$C$68:$C$69,0)),INDEX('SCORING MASTER'!$D$71:$D$72,MATCH(AN7,'SCORING MASTER'!$C$71:$C$72,0)),INDEX('SCORING MASTER'!$D$74:$D$75,MATCH(AO7,'SCORING MASTER'!$C$74:$C$75,0)),INDEX('SCORING MASTER'!$D$77:$D$78,MATCH(AP7,'SCORING MASTER'!$C$77:$C$78,0)))*20,0)) -> 100 | BJ7: =IF(COUNTBLANK(AU7:AZ7)>0,"",ROUND(AVERAGE(INDEX('SCORING MASTER'!$D$95:$D$96,MATCH(AU7,'SCORING MASTER'!$C$95:$C$96,0)),INDEX('SCORING MASTER'!$D$98:$D$99,MATCH(AV7,'SCORING MASTER'!$C$98:$C$99,0)),INDEX('SCORING MASTER'!$D$101:$D$102,MATCH(AW7,'SCORING MASTER'!$C$101:$C$102,0)),INDEX('SCORING MASTER'!$D$104:$D$105,MATCH(AX7,'SCORING MASTER'!$C$104:$C$105,0)),INDEX('SCORING MASTER'!$D$107:$D$108,MATCH(AY7,'SCORING MASTER'!$C$107:$C$108,0)),INDEX('SCORING MASTER'!$D$110:$D$111,MATCH(AZ7,'SCORING MASTER'!$C$110:$C$111,0)))*20,0)) -> 100 | BK7: =IF(COUNTBLANK(AQ7:AT7)>0,"",ROUND(AVERAGE(INDEX('SCORING MASTER'!$D$80:$D$82,MATCH(AQ7,'SCORING MASTER'!$C$80:$C$82,0)),INDEX('SCORING MASTER'!$D$84:$D$86,MATCH(AR7,'SCORING MASTER'!$C$84:$C$86,0)),INDEX('SCORING MASTER'!$D$88:$D$90,MATCH(AS7,'SCORING MASTER'!$C$88:$C$90,0)),INDEX('SCORING MASTER'!$D$92:$D$93,MATCH(AT7,'SCORING MASTER'!$C$92:$C$93,0)))*20,0)) -> 70 | BL7: =IF(COUNTBLANK(BA7:BE7)>0,"",ROUND(AVERAGE(INDEX('SCORING MASTER'!$D$113:$D$115,MATCH(BA7,'SCORING MASTER'!$C$113:$C$115,0)),INDEX('SCORING MASTER'!$D$117:$D$119,MATCH(BB7,'SCORING MASTER'!$C$117:$C$119,0)),INDEX('SCORING MASTER'!$D$121:$D$123,MATCH(BC7,'SCORING MASTER'!$C$121:$C$123,0)),INDEX('SCORING MASTER'!$D$125:$D$126,MATCH(BD7,'SCORING MASTER'!$C$125:$C$126,0)),INDEX('SCORING MASTER'!$D$128:$D$129,MATCH(BE7,'SCORING MASTER'!$C$128:$C$129,0)))*20,0)) -> 100 | BM7: =IF(OR(BF7="",BG7="",BH7="",BI7="",BJ7="",BK7="",BL7=""),"",ROUND(BF7*0.25+BG7*0.2+BH7*0.15+BI7*0.15+BJ7*0.1+BK7*0.1+BL7*0.05,0)) -> 88 | BN7: =IF(OR(BF7="",BG7=""),"",ROUND(BF7*0.5+BG7*0.5,0)) -> 89 | BO7: =IF(BN7="","",ROUND(MIN(100,MAX(0,(100-BN7)+IF(AL7="Yes",15,0)+IF(AM7="Yes",15,0)+IF(AND(U7<>"",U7<18.5),20,0))),0)) -> 11 | BP7: =IF(BM7="","",IF(BM7>=90,"Green - Healthy",IF(BM7>=75,"Light Green - Mild Watch",IF(BM7>=60,"Yellow - Mild Risk",IF(BM7>=40,"Orange - Moderate Risk","Red - High Risk"))))) -> Light Green - Mild Watch | BQ7: =IF(BM7="","",IF(OR(BM7<60,BO7>=60,AJ7="Yes"),"Yes","No")) -> No | BR7: =IF(BM7="","",IF(OR(BP7="Orange - Moderate Risk",BP7="Red - High Risk",BQ7="Yes"),"Yes","No")) -> No
A8: =IF(I8="","","STU"&TEXT(ROW()-3,"000000")) -> STU000005 | B8: 46204 | C8: Delhi Public School | D8: South Delhi | E8: Delhi | F8: 10 | G8: A | H8: 21 | I8: Kabir Mehta | J8: 15 | K8: Male | M8: Anil Mehta | N8: 9811122233 | P8: B- | Q8: 163 | R8: 72 | S8: =IF(OR(Q8="",R8=""),"",ROUND(R8/((Q8/100)^2),1)) -> 27.1 | T8: =IF(S8="","",IF(S8<18.5,"Underweight",IF(S8<25,"Normal",IF(S8<30,"Overweight","Obese")))) -> Overweight | U8: 25 | V8: 88 | W8: Sometimes | X8: Rarely | Y8: Rarely | Z8: Daily | AA8: Daily | AB8: Daily | AC8: 1-2L | AD8: Rarely | AE8: More than 4 hrs | AF8: Rarely | AG8: Less than 6 hrs | AH8: Not Applicable | AI8: Not Applicable | AJ8: No | AK8: No | AL8: No | AM8: No | AN8: No | AO8: No | AP8: No | AQ8: High | AR8: Low | AS8: Poor | AT8: No | AU8: No | AV8: Yes | AW8: Yes | AX8: No | AY8: No | AZ8: No | BA8: Yes | BB8: Yes | BC8: Average | BD8: No | BE8: No | BF8: =IF(T8="","",IF(T8="Normal",100,IF(T8="Overweight",65,IF(T8="Obese",50,IF(AND(U8<>"",U8<18.5),30,45))))) -> 65 | BG8: =IF(COUNTBLANK(W8:AC8)>0,"",ROUND(AVERAGE(INDEX('SCORING MASTER'!$D$5:$D$7,MATCH(W8,'SCORING MASTER'!$C$5:$C$7,0)),INDEX('SCORING MASTER'!$D$9:$D$11,MATCH(X8,'SCORING MASTER'!$C$9:$C$11,0)),INDEX('SCORING MASTER'!$D$13:$D$15,MATCH(Y8,'SCORING MASTER'!$C$13:$C$15,0)),INDEX('SCORING MASTER'!$D$17:$D$19,MATCH(Z8,'SCORING MASTER'!$C$17:$C$19,0)),INDEX('SCORING MASTER'!$D$21:$D$23,MATCH(AA8,'SCORING MASTER'!$C$21:$C$23,0)),INDEX('SCORING MASTER'!$D$25:$D$27,MATCH(AB8,'SCORING MASTER'!$C$25:$C$27,0)),INDEX('SCORING MASTER'!$D$29:$D$31,MATCH(AC8,'SCORING MASTER'!$C$29:$C$31,0)))*20,0)) -> 31 | BH8: =IF(COUNTBLANK(AD8:AI8)>0,"",ROUND(AVERAGE(INDEX('SCORING MASTER'!$D$33:$D$35,MATCH(AD8,'SCORING MASTER'!$C$33:$C$35,0)),INDEX('SCORING MASTER'!$D$37:$D$39,MATCH(AE8,'SCORING MASTER'!$C$37:$C$39,0)),INDEX('SCORING MASTER'!$D$41:$D$43,MATCH(AF8,'SCORING MASTER'!$C$41:$C$43,0)),INDEX('SCORING MASTER'!$D$45:$D$47,MATCH(AG8,'SCORING MASTER'!$C$45:$C$47,0)),INDEX('SCORING MASTER'!$D$49:$D$52,MATCH(AH8,'SCORING MASTER'!$C$49:$C$52,0)),INDEX('SCORING MASTER'!$D$54:$D$57,MATCH(AI8,'SCORING MASTER'!$C$54:$C$57,0)))*20,0)) -> 33 | BI8: =IF(COUNTBLANK(AJ8:AP8)>0,"",ROUND(AVERAGE(INDEX('SCORING MASTER'!$D$59:$D$60,MATCH(AJ8,'SCORING MASTER'!$C$59:$C$60,0)),INDEX('SCORING MASTER'!$D$62:$D$63,MATCH(AK8,'SCORING MASTER'!$C$62:$C$63,0)),INDEX('SCORING MASTER'!$D$65:$D$66,MATCH(AL8,'SCORING MASTER'!$C$65:$C$66,0)),INDEX('SCORING MASTER'!$D$68:$D$69,MATCH(AM8,'SCORING MASTER'!$C$68:$C$69,0)),INDEX('SCORING MASTER'!$D$71:$D$72,MATCH(AN8,'SCORING MASTER'!$C$71:$C$72,0)),INDEX('SCORING MASTER'!$D$74:$D$75,MATCH(AO8,'SCORING MASTER'!$C$74:$C$75,0)),INDEX('SCORING MASTER'!$D$77:$D$78,MATCH(AP8,'SCORING MASTER'!$C$77:$C$78,0)))*20,0)) -> 100 | BJ8: =IF(COUNTBLANK(AU8:AZ8)>0,"",ROUND(AVERAGE(INDEX('SCORING MASTER'!$D$95:$D$96,MATCH(AU8,'SCORING MASTER'!$C$95:$C$96,0)),INDEX('SCORING MASTER'!$D$98:$D$99,MATCH(AV8,'SCORING MASTER'!$C$98:$C$99,0)),INDEX('SCORING MASTER'!$D$101:$D$102,MATCH(AW8,'SCORING MASTER'!$C$101:$C$102,0)),INDEX('SCORING MASTER'!$D$104:$D$105,MATCH(AX8,'SCORING MASTER'!$C$104:$C$105,0)),INDEX('SCORING MASTER'!$D$107:$D$108,MATCH(AY8,'SCORING MASTER'!$C$107:$C$108,0)),INDEX('SCORING MASTER'!$D$110:$D$111,MATCH(AZ8,'SCORING MASTER'!$C$110:$C$111,0)))*20,0)) -> 67 | BK8: =IF(COUNTBLANK(AQ8:AT8)>0,"",ROUND(AVERAGE(INDEX('SCORING MASTER'!$D$80:$D$82,MATCH(AQ8,'SCORING MASTER'!$C$80:$C$82,0)),INDEX('SCORING MASTER'!$D$84:$D$86,MATCH(AR8,'SCORING MASTER'!$C$84:$C$86,0)),INDEX('SCORING MASTER'!$D$88:$D$90,MATCH(AS8,'SCORING MASTER'!$C$88:$C$90,0)),INDEX('SCORING MASTER'!$D$92:$D$93,MATCH(AT8,'SCORING MASTER'!$C$92:$C$93,0)))*20,0)) -> 25 | BL8: =IF(COUNTBLANK(BA8:BE8)>0,"",ROUND(AVERAGE(INDEX('SCORING MASTER'!$D$113:$D$115,MATCH(BA8,'SCORING MASTER'!$C$113:$C$115,0)),INDEX('SCORING MASTER'!$D$117:$D$119,MATCH(BB8,'SCORING MASTER'!$C$117:$C$119,0)),INDEX('SCORING MASTER'!$D$121:$D$123,MATCH(BC8,'SCORING MASTER'!$C$121:$C$123,0)),INDEX('SCORING MASTER'!$D$125:$D$126,MATCH(BD8,'SCORING MASTER'!$C$125:$C$126,0)),INDEX('SCORING MASTER'!$D$128:$D$129,MATCH(BE8,'SCORING MASTER'!$C$128:$C$129,0)))*20,0)) -> 52 | BM8: =IF(OR(BF8="",BG8="",BH8="",BI8="",BJ8="",BK8="",BL8=""),"",ROUND(BF8*0.25+BG8*0.2+BH8*0.15+BI8*0.15+BJ8*0.1+BK8*0.1+BL8*0.05,0)) -> 54 | BN8: =IF(OR(BF8="",BG8=""),"",ROUND(BF8*0.5+BG8*0.5,0)) -> 48 | BO8: =IF(BN8="","",ROUND(MIN(100,MAX(0,(100-BN8)+IF(AL8="Yes",15,0)+IF(AM8="Yes",15,0)+IF(AND(U8<>"",U8<18.5),20,0))),0)) -> 52 | BP8: =IF(BM8="","",IF(BM8>=90,"Green - Healthy",IF(BM8>=75,"Light Green - Mild Watch",IF(BM8>=60,"Yellow - Mild Risk",IF(BM8>=40,"Orange - Moderate Risk","Red - High Risk"))))) -> Orange - Moderate Risk | BQ8: =IF(BM8="","",IF(OR(BM8<60,BO8>=60,AJ8="Yes"),"Yes","No")) -> Yes | BR8: =IF(BM8="","",IF(OR(BP8="Orange - Moderate Risk",BP8="Red - High Risk",BQ8="Yes"),"Yes","No")) -> Yes
A9: =IF(I9="","","STU"&TEXT(ROW()-3,"000000")) -> STU000006 | B9: 46204 | C9: Delhi Public School | D9: South Delhi | E9: Delhi | F9: 9 | G9: B | H9: 3 | I9: Ananya Verma | J9: 14 | K9: Female | M9: Deepa Verma | N9: 9871234567 | P9: O- | Q9: 150 | R9: 38 | S9: =IF(OR(Q9="",R9=""),"",ROUND(R9/((Q9/100)^2),1)) -> 16.9 | T9: =IF(S9="","",IF(S9<18.5,"Underweight",IF(S9<25,"Normal",IF(S9<30,"Overweight","Obese")))) -> Underweight | U9: 19 | V9: 58 | W9: Always | X9: Daily | Y9: Daily | Z9: 3-5 per week | AA9: Weekly | AB9: Weekly | AC9: More than 2L | AD9: Daily | AE9: 2-4 hrs | AF9: Daily | AG9: 8+ hrs | AH9: Not Applicable | AI9: Not Applicable | AJ9: No | AK9: No | AL9: No | AM9: No | AN9: No | AO9: No | AP9: No | AQ9: Low | AR9: Happy | AS9: Good | AT9: No | AU9: No | AV9: No | AW9: No | AX9: No | AY9: No | AZ9: No | BA9: Yes | BB9: Yes | BC9: Good | BD9: Yes | BE9: Yes | BF9: =IF(T9="","",IF(T9="Normal",100,IF(T9="Overweight",65,IF(T9="Obese",50,IF(AND(U9<>"",U9<18.5),30,45))))) -> 45 | BG9: =IF(COUNTBLANK(W9:AC9)>0,"",ROUND(AVERAGE(INDEX('SCORING MASTER'!$D$5:$D$7,MATCH(W9,'SCORING MASTER'!$C$5:$C$7,0)),INDEX('SCORING MASTER'!$D$9:$D$11,MATCH(X9,'SCORING MASTER'!$C$9:$C$11,0)),INDEX('SCORING MASTER'!$D$13:$D$15,MATCH(Y9,'SCORING MASTER'!$C$13:$C$15,0)),INDEX('SCORING MASTER'!$D$17:$D$19,MATCH(Z9,'SCORING MASTER'!$C$17:$C$19,0)),INDEX('SCORING MASTER'!$D$21:$D$23,MATCH(AA9,'SCORING MASTER'!$C$21:$C$23,0)),INDEX('SCORING MASTER'!$D$25:$D$27,MATCH(AB9,'SCORING MASTER'!$C$25:$C$27,0)),INDEX('SCORING MASTER'!$D$29:$D$31,MATCH(AC9,'SCORING MASTER'!$C$29:$C$31,0)))*20,0)) -> 83 | BH9: =IF(COUNTBLANK(AD9:AI9)>0,"",ROUND(AVERAGE(INDEX('SCORING MASTER'!$D$33:$D$35,MATCH(AD9,'SCORING MASTER'!$C$33:$C$35,0)),INDEX('SCORING MASTER'!$D$37:$D$39,MATCH(AE9,'SCORING MASTER'!$C$37:$C$39,0)),INDEX('SCORING MASTER'!$D$41:$D$43,MATCH(AF9,'SCORING MASTER'!$C$41:$C$43,0)),INDEX('SCORING MASTER'!$D$45:$D$47,MATCH(AG9,'SCORING MASTER'!$C$45:$C$47,0)),INDEX('SCORING MASTER'!$D$49:$D$52,MATCH(AH9,'SCORING MASTER'!$C$49:$C$52,0)),INDEX('SCORING MASTER'!$D$54:$D$57,MATCH(AI9,'SCORING MASTER'!$C$54:$C$57,0)))*20,0)) -> 93 | BI9: =IF(COUNTBLANK(AJ9:AP9)>0,"",ROUND(AVERAGE(INDEX('SCORING MASTER'!$D$59:$D$60,MATCH(AJ9,'SCORING MASTER'!$C$59:$C$60,0)),INDEX('SCORING MASTER'!$D$62:$D$63,MATCH(AK9,'SCORING MASTER'!$C$62:$C$63,0)),INDEX('SCORING MASTER'!$D$65:$D$66,MATCH(AL9,'SCORING MASTER'!$C$65:$C$66,0)),INDEX('SCORING MASTER'!$D$68:$D$69,MATCH(AM9,'SCORING MASTER'!$C$68:$C$69,0)),INDEX('SCORING MASTER'!$D$71:$D$72,MATCH(AN9,'SCORING MASTER'!$C$71:$C$72,0)),INDEX('SCORING MASTER'!$D$74:$D$75,MATCH(AO9,'SCORING MASTER'!$C$74:$C$75,0)),INDEX('SCORING MASTER'!$D$77:$D$78,MATCH(AP9,'SCORING MASTER'!$C$77:$C$78,0)))*20,0)) -> 100 | BJ9: =IF(COUNTBLANK(AU9:AZ9)>0,"",ROUND(AVERAGE(INDEX('SCORING MASTER'!$D$95:$D$96,MATCH(AU9,'SCORING MASTER'!$C$95:$C$96,0)),INDEX('SCORING MASTER'!$D$98:$D$99,MATCH(AV9,'SCORING MASTER'!$C$98:$C$99,0)),INDEX('SCORING MASTER'!$D$101:$D$102,MATCH(AW9,'SCORING MASTER'!$C$101:$C$102,0)),INDEX('SCORING MASTER'!$D$104:$D$105,MATCH(AX9,'SCORING MASTER'!$C$104:$C$105,0)),INDEX('SCORING MASTER'!$D$107:$D$108,MATCH(AY9,'SCORING MASTER'!$C$107:$C$108,0)),INDEX('SCORING MASTER'!$D$110:$D$111,MATCH(AZ9,'SCORING MASTER'!$C$110:$C$111,0)))*20,0)) -> 100 | BK9: =IF(COUNTBLANK(AQ9:AT9)>0,"",ROUND(AVERAGE(INDEX('SCORING MASTER'!$D$80:$D$82,MATCH(AQ9,'SCORING MASTER'!$C$80:$C$82,0)),INDEX('SCORING MASTER'!$D$84:$D$86,MATCH(AR9,'SCORING MASTER'!$C$84:$C$86,0)),INDEX('SCORING MASTER'!$D$88:$D$90,MATCH(AS9,'SCORING MASTER'!$C$88:$C$90,0)),INDEX('SCORING MASTER'!$D$92:$D$93,MATCH(AT9,'SCORING MASTER'!$C$92:$C$93,0)))*20,0)) -> 100 | BL9: =IF(COUNTBLANK(BA9:BE9)>0,"",ROUND(AVERAGE(INDEX('SCORING MASTER'!$D$113:$D$115,MATCH(BA9,'SCORING MASTER'!$C$113:$C$115,0)),INDEX('SCORING MASTER'!$D$117:$D$119,MATCH(BB9,'SCORING MASTER'!$C$117:$C$119,0)),INDEX('SCORING MASTER'!$D$121:$D$123,MATCH(BC9,'SCORING MASTER'!$C$121:$C$123,0)),INDEX('SCORING MASTER'!$D$125:$D$126,MATCH(BD9,'SCORING MASTER'!$C$125:$C$126,0)),INDEX('SCORING MASTER'!$D$128:$D$129,MATCH(BE9,'SCORING MASTER'!$C$128:$C$129,0)))*20,0)) -> 100 | BM9: =IF(OR(BF9="",BG9="",BH9="",BI9="",BJ9="",BK9="",BL9=""),"",ROUND(BF9*0.25+BG9*0.2+BH9*0.15+BI9*0.15+BJ9*0.1+BK9*0.1+BL9*0.05,0)) -> 82 | BN9: =IF(OR(BF9="",BG9=""),"",ROUND(BF9*0.5+BG9*0.5,0)) -> 64 | BO9: =IF(BN9="","",ROUND(MIN(100,MAX(0,(100-BN9)+IF(AL9="Yes",15,0)+IF(AM9="Yes",15,0)+IF(AND(U9<>"",U9<18.5),20,0))),0)) -> 36 | BP9: =IF(BM9="","",IF(BM9>=90,"Green - Healthy",IF(BM9>=75,"Light Green - Mild Watch",IF(BM9>=60,"Yellow - Mild Risk",IF(BM9>=40,"Orange - Moderate Risk","Red - High Risk"))))) -> Light Green - Mild Watch | BQ9: =IF(BM9="","",IF(OR(BM9<60,BO9>=60,AJ9="Yes"),"Yes","No")) -> No | BR9: =IF(BM9="","",IF(OR(BP9="Orange - Moderate Risk",BP9="Red - High Risk",BQ9="Yes"),"Yes","No")) -> No
A10: =IF(I10="","","STU"&TEXT(ROW()-3,"000000")) | S10: =IF(OR(Q10="",R10=""),"",ROUND(R10/((Q10/100)^2),1)) | T10: =IF(S10="","",IF(S10<18.5,"Underweight",IF(S10<25,"Normal",IF(S10<30,"Overweight","Obese")))) | BF10: =IF(T10="","",IF(T10="Normal",100,IF(T10="Overweight",65,IF(T10="Obese",50,IF(AND(U10<>"",U10<18.5),30,45))))) | BG10: =IF(COUNTBLANK(W10:AC10)>0,"",ROUND(AVERAGE(INDEX('SCORING MASTER'!$D$5:$D$7,MATCH(W10,'SCORING MASTER'!$C$5:$C$7,0)),INDEX('SCORING MASTER'!$D$9:$D$11,MATCH(X10,'SCORING MASTER'!$C$9:$C$11,0)),INDEX('SCORING MASTER'!$D$13:$D$15,MATCH(Y10,'SCORING MASTER'!$C$13:$C$15,0)),INDEX('SCORING MASTER'!$D$17:$D$19,MATCH(Z10,'SCORING MASTER'!$C$17:$C$19,0)),INDEX('SCORING MASTER'!$D$21:$D$23,MATCH(AA10,'SCORING MASTER'!$C$21:$C$23,0)),INDEX('SCORING MASTER'!$D$25:$D$27,MATCH(AB10,'SCORING MASTER'!$C$25:$C$27,0)),INDEX('SCORING MASTER'!$D$29:$D$31,MATCH(AC10,'SCORING MASTER'!$C$29:$C$31,0)))*20,0)) | BH10: =IF(COUNTBLANK(AD10:AI10)>0,"",ROUND(AVERAGE(INDEX('SCORING MASTER'!$D$33:$D$35,MATCH(AD10,'SCORING MASTER'!$C$33:$C$35,0)),INDEX('SCORING MASTER'!$D$37:$D$39,MATCH(AE10,'SCORING MASTER'!$C$37:$C$39,0)),INDEX('SCORING MASTER'!$D$41:$D$43,MATCH(AF10,'SCORING MASTER'!$C$41:$C$43,0)),INDEX('SCORING MASTER'!$D$45:$D$47,MATCH(AG10,'SCORING MASTER'!$C$45:$C$47,0)),INDEX('SCORING MASTER'!$D$49:$D$52,MATCH(AH10,'SCORING MASTER'!$C$49:$C$52,0)),INDEX('SCORING MASTER'!$D$54:$D$57,MATCH(AI10,'SCORING MASTER'!$C$54:$C$57,0)))*20,0)) | BI10: =IF(COUNTBLANK(AJ10:AP10)>0,"",ROUND(AVERAGE(INDEX('SCORING MASTER'!$D$59:$D$60,MATCH(AJ10,'SCORING MASTER'!$C$59:$C$60,0)),INDEX('SCORING MASTER'!$D$62:$D$63,MATCH(AK10,'SCORING MASTER'!$C$62:$C$63,0)),INDEX('SCORING MASTER'!$D$65:$D$66,MATCH(AL10,'SCORING MASTER'!$C$65:$C$66,0)),INDEX('SCORING MASTER'!$D$68:$D$69,MATCH(AM10,'SCORING MASTER'!$C$68:$C$69,0)),INDEX('SCORING MASTER'!$D$71:$D$72,MATCH(AN10,'SCORING MASTER'!$C$71:$C$72,0)),INDEX('SCORING MASTER'!$D$74:$D$75,MATCH(AO10,'SCORING MASTER'!$C$74:$C$75,0)),INDEX('SCORING MASTER'!$D$77:$D$78,MATCH(AP10,'SCORING MASTER'!$C$77:$C$78,0)))*20,0)) | BJ10: =IF(COUNTBLANK(AU10:AZ10)>0,"",ROUND(AVERAGE(INDEX('SCORING MASTER'!$D$95:$D$96,MATCH(AU10,'SCORING MASTER'!$C$95:$C$96,0)),INDEX('SCORING MASTER'!$D$98:$D$99,MATCH(AV10,'SCORING MASTER'!$C$98:$C$99,0)),INDEX('SCORING MASTER'!$D$101:$D$102,MATCH(AW10,'SCORING MASTER'!$C$101:$C$102,0)),INDEX('SCORING MASTER'!$D$104:$D$105,MATCH(AX10,'SCORING MASTER'!$C$104:$C$105,0)),INDEX('SCORING MASTER'!$D$107:$D$108,MATCH(AY10,'SCORING MASTER'!$C$107:$C$108,0)),INDEX('SCORING MASTER'!$D$110:$D$111,MATCH(AZ10,'SCORING MASTER'!$C$110:$C$111,0)))*20,0)) | BK10: =IF(COUNTBLANK(AQ10:AT10)>0,"",ROUND(AVERAGE(INDEX('SCORING MASTER'!$D$80:$D$82,MATCH(AQ10,'SCORING MASTER'!$C$80:$C$82,0)),INDEX('SCORING MASTER'!$D$84:$D$86,MATCH(AR10,'SCORING MASTER'!$C$84:$C$86,0)),INDEX('SCORING MASTER'!$D$88:$D$90,MATCH(AS10,'SCORING MASTER'!$C$88:$C$90,0)),INDEX('SCORING MASTER'!$D$92:$D$93,MATCH(AT10,'SCORING MASTER'!$C$92:$C$93,0)))*20,0)) | BL10: =IF(COUNTBLANK(BA10:BE10)>0,"",ROUND(AVERAGE(INDEX('SCORING MASTER'!$D$113:$D$115,MATCH(BA10,'SCORING MASTER'!$C$113:$C$115,0)),INDEX('SCORING MASTER'!$D$117:$D$119,MATCH(BB10,'SCORING MASTER'!$C$117:$C$119,0)),INDEX('SCORING MASTER'!$D$121:$D$123,MATCH(BC10,'SCORING MASTER'!$C$121:$C$123,0)),INDEX('SCORING MASTER'!$D$125:$D$126,MATCH(BD10,'SCORING MASTER'!$C$125:$C$126,0)),INDEX('SCORING MASTER'!$D$128:$D$129,MATCH(BE10,'SCORING MASTER'!$C$128:$C$129,0)))*20,0)) | BM10: =IF(OR(BF10="",BG10="",BH10="",BI10="",BJ10="",BK10="",BL10=""),"",ROUND(BF10*0.25+BG10*0.2+BH10*0.15+BI10*0.15+BJ10*0.1+BK10*0.1+BL10*0.05,0)) | BN10: =IF(OR(BF10="",BG10=""),"",ROUND(BF10*0.5+BG10*0.5,0)) | BO10: =IF(BN10="","",ROUND(MIN(100,MAX(0,(100-BN10)+IF(AL10="Yes",15,0)+IF(AM10="Yes",15,0)+IF(AND(U10<>"",U10<18.5),20,0))),0)) | BP10: =IF(BM10="","",IF(BM10>=90,"Green - Healthy",IF(BM10>=75,"Light Green - Mild Watch",IF(BM10>=60,"Yellow - Mild Risk",IF(BM10>=40,"Orange - Moderate Risk","Red - High Risk"))))) | BQ10: =IF(BM10="","",IF(OR(BM10<60,BO10>=60,AJ10="Yes"),"Yes","No")) | BR10: =IF(BM10="","",IF(OR(BP10="Orange - Moderate Risk",BP10="Red - High Risk",BQ10="Yes"),"Yes","No"))
A11: =IF(I11="","","STU"&TEXT(ROW()-3,"000000")) | S11: =IF(OR(Q11="",R11=""),"",ROUND(R11/((Q11/100)^2),1)) | T11: =IF(S11="","",IF(S11<18.5,"Underweight",IF(S11<25,"Normal",IF(S11<30,"Overweight","Obese")))) | BF11: =IF(T11="","",IF(T11="Normal",100,IF(T11="Overweight",65,IF(T11="Obese",50,IF(AND(U11<>"",U11<18.5),30,45))))) | BG11: =IF(COUNTBLANK(W11:AC11)>0,"",ROUND(AVERAGE(INDEX('SCORING MASTER'!$D$5:$D$7,MATCH(W11,'SCORING MASTER'!$C$5:$C$7,0)),INDEX('SCORING MASTER'!$D$9:$D$11,MATCH(X11,'SCORING MASTER'!$C$9:$C$11,0)),INDEX('SCORING MASTER'!$D$13:$D$15,MATCH(Y11,'SCORING MASTER'!$C$13:$C$15,0)),INDEX('SCORING MASTER'!$D$17:$D$19,MATCH(Z11,'SCORING MASTER'!$C$17:$C$19,0)),INDEX('SCORING MASTER'!$D$21:$D$23,MATCH(AA11,'SCORING MASTER'!$C$21:$C$23,0)),INDEX('SCORING MASTER'!$D$25:$D$27,MATCH(AB11,'SCORING MASTER'!$C$25:$C$27,0)),INDEX('SCORING MASTER'!$D$29:$D$31,MATCH(AC11,'SCORING MASTER'!$C$29:$C$31,0)))*20,0)) | BH11: =IF(COUNTBLANK(AD11:AI11)>0,"",ROUND(AVERAGE(INDEX('SCORING MASTER'!$D$33:$D$35,MATCH(AD11,'SCORING MASTER'!$C$33:$C$35,0)),INDEX('SCORING MASTER'!$D$37:$D$39,MATCH(AE11,'SCORING MASTER'!$C$37:$C$39,0)),INDEX('SCORING MASTER'!$D$41:$D$43,MATCH(AF11,'SCORING MASTER'!$C$41:$C$43,0)),INDEX('SCORING MASTER'!$D$45:$D$47,MATCH(AG11,'SCORING MASTER'!$C$45:$C$47,0)),INDEX('SCORING MASTER'!$D$49:$D$52,MATCH(AH11,'SCORING MASTER'!$C$49:$C$52,0)),INDEX('SCORING MASTER'!$D$54:$D$57,MATCH(AI11,'SCORING MASTER'!$C$54:$C$57,0)))*20,0)) | BI11: =IF(COUNTBLANK(AJ11:AP11)>0,"",ROUND(AVERAGE(INDEX('SCORING MASTER'!$D$59:$D$60,MATCH(AJ11,'SCORING MASTER'!$C$59:$C$60,0)),INDEX('SCORING MASTER'!$D$62:$D$63,MATCH(AK11,'SCORING MASTER'!$C$62:$C$63,0)),INDEX('SCORING MASTER'!$D$65:$D$66,MATCH(AL11,'SCORING MASTER'!$C$65:$C$66,0)),INDEX('SCORING MASTER'!$D$68:$D$69,MATCH(AM11,'SCORING MASTER'!$C$68:$C$69,0)),INDEX('SCORING MASTER'!$D$71:$D$72,MATCH(AN11,'SCORING MASTER'!$C$71:$C$72,0)),INDEX('SCORING MASTER'!$D$74:$D$75,MATCH(AO11,'SCORING MASTER'!$C$74:$C$75,0)),INDEX('SCORING MASTER'!$D$77:$D$78,MATCH(AP11,'SCORING MASTER'!$C$77:$C$78,0)))*20,0)) | BJ11: =IF(COUNTBLANK(AU11:AZ11)>0,"",ROUND(AVERAGE(INDEX('SCORING MASTER'!$D$95:$D$96,MATCH(AU11,'SCORING MASTER'!$C$95:$C$96,0)),INDEX('SCORING MASTER'!$D$98:$D$99,MATCH(AV11,'SCORING MASTER'!$C$98:$C$99,0)),INDEX('SCORING MASTER'!$D$101:$D$102,MATCH(AW11,'SCORING MASTER'!$C$101:$C$102,0)),INDEX('SCORING MASTER'!$D$104:$D$105,MATCH(AX11,'SCORING MASTER'!$C$104:$C$105,0)),INDEX('SCORING MASTER'!$D$107:$D$108,MATCH(AY11,'SCORING MASTER'!$C$107:$C$108,0)),INDEX('SCORING MASTER'!$D$110:$D$111,MATCH(AZ11,'SCORING MASTER'!$C$110:$C$111,0)))*20,0)) | BK11: =IF(COUNTBLANK(AQ11:AT11)>0,"",ROUND(AVERAGE(INDEX('SCORING MASTER'!$D$80:$D$82,MATCH(AQ11,'SCORING MASTER'!$C$80:$C$82,0)),INDEX('SCORING MASTER'!$D$84:$D$86,MATCH(AR11,'SCORING MASTER'!$C$84:$C$86,0)),INDEX('SCORING MASTER'!$D$88:$D$90,MATCH(AS11,'SCORING MASTER'!$C$88:$C$90,0)),INDEX('SCORING MASTER'!$D$92:$D$93,MATCH(AT11,'SCORING MASTER'!$C$92:$C$93,0)))*20,0)) | BL11: =IF(COUNTBLANK(BA11:BE11)>0,"",ROUND(AVERAGE(INDEX('SCORING MASTER'!$D$113:$D$115,MATCH(BA11,'SCORING MASTER'!$C$113:$C$115,0)),INDEX('SCORING MASTER'!$D$117:$D$119,MATCH(BB11,'SCORING MASTER'!$C$117:$C$119,0)),INDEX('SCORING MASTER'!$D$121:$D$123,MATCH(BC11,'SCORING MASTER'!$C$121:$C$123,0)),INDEX('SCORING MASTER'!$D$125:$D$126,MATCH(BD11,'SCORING MASTER'!$C$125:$C$126,0)),INDEX('SCORING MASTER'!$D$128:$D$129,MATCH(BE11,'SCORING MASTER'!$C$128:$C$129,0)))*20,0)) | BM11: =IF(OR(BF11="",BG11="",BH11="",BI11="",BJ11="",BK11="",BL11=""),"",ROUND(BF11*0.25+BG11*0.2+BH11*0.15+BI11*0.15+BJ11*0.1+BK11*0.1+BL11*0.05,0)) | BN11: =IF(OR(BF11="",BG11=""),"",ROUND(BF11*0.5+BG11*0.5,0)) | BO11: =IF(BN11="","",ROUND(MIN(100,MAX(0,(100-BN11)+IF(AL11="Yes",15,0)+IF(AM11="Yes",15,0)+IF(AND(U11<>"",U11<18.5),20,0))),0)) | BP11: =IF(BM11="","",IF(BM11>=90,"Green - Healthy",IF(BM11>=75,"Light Green - Mild Watch",IF(BM11>=60,"Yellow - Mild Risk",IF(BM11>=40,"Orange - Moderate Risk","Red - High Risk"))))) | BQ11: =IF(BM11="","",IF(OR(BM11<60,BO11>=60,AJ11="Yes"),"Yes","No")) | BR11: =IF(BM11="","",IF(OR(BP11="Orange - Moderate Risk",BP11="Red - High Risk",BQ11="Yes"),"Yes","No"))
A12: =IF(I12="","","STU"&TEXT(ROW()-3,"000000")) | S12: =IF(OR(Q12="",R12=""),"",ROUND(R12/((Q12/100)^2),1)) | T12: =IF(S12="","",IF(S12<18.5,"Underweight",IF(S12<25,"Normal",IF(S12<30,"Overweight","Obese")))) | BF12: =IF(T12="","",IF(T12="Normal",100,IF(T12="Overweight",65,IF(T12="Obese",50,IF(AND(U12<>"",U12<18.5),30,45))))) | BG12: =IF(COUNTBLANK(W12:AC12)>0,"",ROUND(AVERAGE(INDEX('SCORING MASTER'!$D$5:$D$7,MATCH(W12,'SCORING MASTER'!$C$5:$C$7,0)),INDEX('SCORING MASTER'!$D$9:$D$11,MATCH(X12,'SCORING MASTER'!$C$9:$C$11,0)),INDEX('SCORING MASTER'!$D$13:$D$15,MATCH(Y12,'SCORING MASTER'!$C$13:$C$15,0)),INDEX('SCORING MASTER'!$D$17:$D$19,MATCH(Z12,'SCORING MASTER'!$C$17:$C$19,0)),INDEX('SCORING MASTER'!$D$21:$D$23,MATCH(AA12,'SCORING MASTER'!$C$21:$C$23,0)),INDEX('SCORING MASTER'!$D$25:$D$27,MATCH(AB12,'SCORING MASTER'!$C$25:$C$27,0)),INDEX('SCORING MASTER'!$D$29:$D$31,MATCH(AC12,'SCORING MASTER'!$C$29:$C$31,0)))*20,0)) | BH12: =IF(COUNTBLANK(AD12:AI12)>0,"",ROUND(AVERAGE(INDEX('SCORING MASTER'!$D$33:$D$35,MATCH(AD12,'SCORING MASTER'!$C$33:$C$35,0)),INDEX('SCORING MASTER'!$D$37:$D$39,MATCH(AE12,'SCORING MASTER'!$C$37:$C$39,0)),INDEX('SCORING MASTER'!$D$41:$D$43,MATCH(AF12,'SCORING MASTER'!$C$41:$C$43,0)),INDEX('SCORING MASTER'!$D$45:$D$47,MATCH(AG12,'SCORING MASTER'!$C$45:$C$47,0)),INDEX('SCORING MASTER'!$D$49:$D$52,MATCH(AH12,'SCORING MASTER'!$C$49:$C$52,0)),INDEX('SCORING MASTER'!$D$54:$D$57,MATCH(AI12,'SCORING MASTER'!$C$54:$C$57,0)))*20,0)) | BI12: =IF(COUNTBLANK(AJ12:AP12)>0,"",ROUND(AVERAGE(INDEX('SCORING MASTER'!$D$59:$D$60,MATCH(AJ12,'SCORING MASTER'!$C$59:$C$60,0)),INDEX('SCORING MASTER'!$D$62:$D$63,MATCH(AK12,'SCORING MASTER'!$C$62:$C$63,0)),INDEX('SCORING MASTER'!$D$65:$D$66,MATCH(AL12,'SCORING MASTER'!$C$65:$C$66,0)),INDEX('SCORING MASTER'!$D$68:$D$69,MATCH(AM12,'SCORING MASTER'!$C$68:$C$69,0)),INDEX('SCORING MASTER'!$D$71:$D$72,MATCH(AN12,'SCORING MASTER'!$C$71:$C$72,0)),INDEX('SCORING MASTER'!$D$74:$D$75,MATCH(AO12,'SCORING MASTER'!$C$74:$C$75,0)),INDEX('SCORING MASTER'!$D$77:$D$78,MATCH(AP12,'SCORING MASTER'!$C$77:$C$78,0)))*20,0)) | BJ12: =IF(COUNTBLANK(AU12:AZ12)>0,"",ROUND(AVERAGE(INDEX('SCORING MASTER'!$D$95:$D$96,MATCH(AU12,'SCORING MASTER'!$C$95:$C$96,0)),INDEX('SCORING MASTER'!$D$98:$D$99,MATCH(AV12,'SCORING MASTER'!$C$98:$C$99,0)),INDEX('SCORING MASTER'!$D$101:$D$102,MATCH(AW12,'SCORING MASTER'!$C$101:$C$102,0)),INDEX('SCORING MASTER'!$D$104:$D$105,MATCH(AX12,'SCORING MASTER'!$C$104:$C$105,0)),INDEX('SCORING MASTER'!$D$107:$D$108,MATCH(AY12,'SCORING MASTER'!$C$107:$C$108,0)),INDEX('SCORING MASTER'!$D$110:$D$111,MATCH(AZ12,'SCORING MASTER'!$C$110:$C$111,0)))*20,0)) | BK12: =IF(COUNTBLANK(AQ12:AT12)>0,"",ROUND(AVERAGE(INDEX('SCORING MASTER'!$D$80:$D$82,MATCH(AQ12,'SCORING MASTER'!$C$80:$C$82,0)),INDEX('SCORING MASTER'!$D$84:$D$86,MATCH(AR12,'SCORING MASTER'!$C$84:$C$86,0)),INDEX('SCORING MASTER'!$D$88:$D$90,MATCH(AS12,'SCORING MASTER'!$C$88:$C$90,0)),INDEX('SCORING MASTER'!$D$92:$D$93,MATCH(AT12,'SCORING MASTER'!$C$92:$C$93,0)))*20,0)) | BL12: =IF(COUNTBLANK(BA12:BE12)>0,"",ROUND(AVERAGE(INDEX('SCORING MASTER'!$D$113:$D$115,MATCH(BA12,'SCORING MASTER'!$C$113:$C$115,0)),INDEX('SCORING MASTER'!$D$117:$D$119,MATCH(BB12,'SCORING MASTER'!$C$117:$C$119,0)),INDEX('SCORING MASTER'!$D$121:$D$123,MATCH(BC12,'SCORING MASTER'!$C$121:$C$123,0)),INDEX('SCORING MASTER'!$D$125:$D$126,MATCH(BD12,'SCORING MASTER'!$C$125:$C$126,0)),INDEX('SCORING MASTER'!$D$128:$D$129,MATCH(BE12,'SCORING MASTER'!$C$128:$C$129,0)))*20,0)) | BM12: =IF(OR(BF12="",BG12="",BH12="",BI12="",BJ12="",BK12="",BL12=""),"",ROUND(BF12*0.25+BG12*0.2+BH12*0.15+BI12*0.15+BJ12*0.1+BK12*0.1+BL12*0.05,0)) | BN12: =IF(OR(BF12="",BG12=""),"",ROUND(BF12*0.5+BG12*0.5,0)) | BO12: =IF(BN12="","",ROUND(MIN(100,MAX(0,(100-BN12)+IF(AL12="Yes",15,0)+IF(AM12="Yes",15,0)+IF(AND(U12<>"",U12<18.5),20,0))),0)) | BP12: =IF(BM12="","",IF(BM12>=90,"Green - Healthy",IF(BM12>=75,"Light Green - Mild Watch",IF(BM12>=60,"Yellow - Mild Risk",IF(BM12>=40,"Orange - Moderate Risk","Red - High Risk"))))) | BQ12: =IF(BM12="","",IF(OR(BM12<60,BO12>=60,AJ12="Yes"),"Yes","No")) | BR12: =IF(BM12="","",IF(OR(BP12="Orange - Moderate Risk",BP12="Red - High Risk",BQ12="Yes"),"Yes","No"))
A13: =IF(I13="","","STU"&TEXT(ROW()-3,"000000")) | S13: =IF(OR(Q13="",R13=""),"",ROUND(R13/((Q13/100)^2),1)) | T13: =IF(S13="","",IF(S13<18.5,"Underweight",IF(S13<25,"Normal",IF(S13<30,"Overweight","Obese")))) | BF13: =IF(T13="","",IF(T13="Normal",100,IF(T13="Overweight",65,IF(T13="Obese",50,IF(AND(U13<>"",U13<18.5),30,45))))) | BG13: =IF(COUNTBLANK(W13:AC13)>0,"",ROUND(AVERAGE(INDEX('SCORING MASTER'!$D$5:$D$7,MATCH(W13,'SCORING MASTER'!$C$5:$C$7,0)),INDEX('SCORING MASTER'!$D$9:$D$11,MATCH(X13,'SCORING MASTER'!$C$9:$C$11,0)),INDEX('SCORING MASTER'!$D$13:$D$15,MATCH(Y13,'SCORING MASTER'!$C$13:$C$15,0)),INDEX('SCORING MASTER'!$D$17:$D$19,MATCH(Z13,'SCORING MASTER'!$C$17:$C$19,0)),INDEX('SCORING MASTER'!$D$21:$D$23,MATCH(AA13,'SCORING MASTER'!$C$21:$C$23,0)),INDEX('SCORING MASTER'!$D$25:$D$27,MATCH(AB13,'SCORING MASTER'!$C$25:$C$27,0)),INDEX('SCORING MASTER'!$D$29:$D$31,MATCH(AC13,'SCORING MASTER'!$C$29:$C$31,0)))*20,0)) | BH13: =IF(COUNTBLANK(AD13:AI13)>0,"",ROUND(AVERAGE(INDEX('SCORING MASTER'!$D$33:$D$35,MATCH(AD13,'SCORING MASTER'!$C$33:$C$35,0)),INDEX('SCORING MASTER'!$D$37:$D$39,MATCH(AE13,'SCORING MASTER'!$C$37:$C$39,0)),INDEX('SCORING MASTER'!$D$41:$D$43,MATCH(AF13,'SCORING MASTER'!$C$41:$C$43,0)),INDEX('SCORING MASTER'!$D$45:$D$47,MATCH(AG13,'SCORING MASTER'!$C$45:$C$47,0)),INDEX('SCORING MASTER'!$D$49:$D$52,MATCH(AH13,'SCORING MASTER'!$C$49:$C$52,0)),INDEX('SCORING MASTER'!$D$54:$D$57,MATCH(AI13,'SCORING MASTER'!$C$54:$C$57,0)))*20,0)) | BI13: =IF(COUNTBLANK(AJ13:AP13)>0,"",ROUND(AVERAGE(INDEX('SCORING MASTER'!$D$59:$D$60,MATCH(AJ13,'SCORING MASTER'!$C$59:$C$60,0)),INDEX('SCORING MASTER'!$D$62:$D$63,MATCH(AK13,'SCORING MASTER'!$C$62:$C$63,0)),INDEX('SCORING MASTER'!$D$65:$D$66,MATCH(AL13,'SCORING MASTER'!$C$65:$C$66,0)),INDEX('SCORING MASTER'!$D$68:$D$69,MATCH(AM13,'SCORING MASTER'!$C$68:$C$69,0)),INDEX('SCORING MASTER'!$D$71:$D$72,MATCH(AN13,'SCORING MASTER'!$C$71:$C$72,0)),INDEX('SCORING MASTER'!$D$74:$D$75,MATCH(AO13,'SCORING MASTER'!$C$74:$C$75,0)),INDEX('SCORING MASTER'!$D$77:$D$78,MATCH(AP13,'SCORING MASTER'!$C$77:$C$78,0)))*20,0)) | BJ13: =IF(COUNTBLANK(AU13:AZ13)>0,"",ROUND(AVERAGE(INDEX('SCORING MASTER'!$D$95:$D$96,MATCH(AU13,'SCORING MASTER'!$C$95:$C$96,0)),INDEX('SCORING MASTER'!$D$98:$D$99,MATCH(AV13,'SCORING MASTER'!$C$98:$C$99,0)),INDEX('SCORING MASTER'!$D$101:$D$102,MATCH(AW13,'SCORING MASTER'!$C$101:$C$102,0)),INDEX('SCORING MASTER'!$D$104:$D$105,MATCH(AX13,'SCORING MASTER'!$C$104:$C$105,0)),INDEX('SCORING MASTER'!$D$107:$D$108,MATCH(AY13,'SCORING MASTER'!$C$107:$C$108,0)),INDEX('SCORING MASTER'!$D$110:$D$111,MATCH(AZ13,'SCORING MASTER'!$C$110:$C$111,0)))*20,0)) | BK13: =IF(COUNTBLANK(AQ13:AT13)>0,"",ROUND(AVERAGE(INDEX('SCORING MASTER'!$D$80:$D$82,MATCH(AQ13,'SCORING MASTER'!$C$80:$C$82,0)),INDEX('SCORING MASTER'!$D$84:$D$86,MATCH(AR13,'SCORING MASTER'!$C$84:$C$86,0)),INDEX('SCORING MASTER'!$D$88:$D$90,MATCH(AS13,'SCORING MASTER'!$C$88:$C$90,0)),INDEX('SCORING MASTER'!$D$92:$D$93,MATCH(AT13,'SCORING MASTER'!$C$92:$C$93,0)))*20,0)) | BL13: =IF(COUNTBLANK(BA13:BE13)>0,"",ROUND(AVERAGE(INDEX('SCORING MASTER'!$D$113:$D$115,MATCH(BA13,'SCORING MASTER'!$C$113:$C$115,0)),INDEX('SCORING MASTER'!$D$117:$D$119,MATCH(BB13,'SCORING MASTER'!$C$117:$C$119,0)),INDEX('SCORING MASTER'!$D$121:$D$123,MATCH(BC13,'SCORING MASTER'!$C$121:$C$123,0)),INDEX('SCORING MASTER'!$D$125:$D$126,MATCH(BD13,'SCORING MASTER'!$C$125:$C$126,0)),INDEX('SCORING MASTER'!$D$128:$D$129,MATCH(BE13,'SCORING MASTER'!$C$128:$C$129,0)))*20,0)) | BM13: =IF(OR(BF13="",BG13="",BH13="",BI13="",BJ13="",BK13="",BL13=""),"",ROUND(BF13*0.25+BG13*0.2+BH13*0.15+BI13*0.15+BJ13*0.1+BK13*0.1+BL13*0.05,0)) | BN13: =IF(OR(BF13="",BG13=""),"",ROUND(BF13*0.5+BG13*0.5,0)) | BO13: =IF(BN13="","",ROUND(MIN(100,MAX(0,(100-BN13)+IF(AL13="Yes",15,0)+IF(AM13="Yes",15,0)+IF(AND(U13<>"",U13<18.5),20,0))),0)) | BP13: =IF(BM13="","",IF(BM13>=90,"Green - Healthy",IF(BM13>=75,"Light Green - Mild Watch",IF(BM13>=60,"Yellow - Mild Risk",IF(BM13>=40,"Orange - Moderate Risk","Red - High Risk"))))) | BQ13: =IF(BM13="","",IF(OR(BM13<60,BO13>=60,AJ13="Yes"),"Yes","No")) | BR13: =IF(BM13="","",IF(OR(BP13="Orange - Moderate Risk",BP13="Red - High Risk",BQ13="Yes"),"Yes","No"))
A14: =IF(I14="","","STU"&TEXT(ROW()-3,"000000")) | S14: =IF(OR(Q14="",R14=""),"",ROUND(R14/((Q14/100)^2),1)) | T14: =IF(S14="","",IF(S14<18.5,"Underweight",IF(S14<25,"Normal",IF(S14<30,"Overweight","Obese")))) | BF14: =IF(T14="","",IF(T14="Normal",100,IF(T14="Overweight",65,IF(T14="Obese",50,IF(AND(U14<>"",U14<18.5),30,45))))) | BG14: =IF(COUNTBLANK(W14:AC14)>0,"",ROUND(AVERAGE(INDEX('SCORING MASTER'!$D$5:$D$7,MATCH(W14,'SCORING MASTER'!$C$5:$C$7,0)),INDEX('SCORING MASTER'!$D$9:$D$11,MATCH(X14,'SCORING MASTER'!$C$9:$C$11,0)),INDEX('SCORING MASTER'!$D$13:$D$15,MATCH(Y14,'SCORING MASTER'!$C$13:$C$15,0)),INDEX('SCORING MASTER'!$D$17:$D$19,MATCH(Z14,'SCORING MASTER'!$C$17:$C$19,0)),INDEX('SCORING MASTER'!$D$21:$D$23,MATCH(AA14,'SCORING MASTER'!$C$21:$C$23,0)),INDEX('SCORING MASTER'!$D$25:$D$27,MATCH(AB14,'SCORING MASTER'!$C$25:$C$27,0)),INDEX('SCORING MASTER'!$D$29:$D$31,MATCH(AC14,'SCORING MASTER'!$C$29:$C$31,0)))*20,0)) | BH14: =IF(COUNTBLANK(AD14:AI14)>0,"",ROUND(AVERAGE(INDEX('SCORING MASTER'!$D$33:$D$35,MATCH(AD14,'SCORING MASTER'!$C$33:$C$35,0)),INDEX('SCORING MASTER'!$D$37:$D$39,MATCH(AE14,'SCORING MASTER'!$C$37:$C$39,0)),INDEX('SCORING MASTER'!$D$41:$D$43,MATCH(AF14,'SCORING MASTER'!$C$41:$C$43,0)),INDEX('SCORING MASTER'!$D$45:$D$47,MATCH(AG14,'SCORING MASTER'!$C$45:$C$47,0)),INDEX('SCORING MASTER'!$D$49:$D$52,MATCH(AH14,'SCORING MASTER'!$C$49:$C$52,0)),INDEX('SCORING MASTER'!$D$54:$D$57,MATCH(AI14,'SCORING MASTER'!$C$54:$C$57,0)))*20,0)) | BI14: =IF(COUNTBLANK(AJ14:AP14)>0,"",ROUND(AVERAGE(INDEX('SCORING MASTER'!$D$59:$D$60,MATCH(AJ14,'SCORING MASTER'!$C$59:$C$60,0)),INDEX('SCORING MASTER'!$D$62:$D$63,MATCH(AK14,'SCORING MASTER'!$C$62:$C$63,0)),INDEX('SCORING MASTER'!$D$65:$D$66,MATCH(AL14,'SCORING MASTER'!$C$65:$C$66,0)),INDEX('SCORING MASTER'!$D$68:$D$69,MATCH(AM14,'SCORING MASTER'!$C$68:$C$69,0)),INDEX('SCORING MASTER'!$D$71:$D$72,MATCH(AN14,'SCORING MASTER'!$C$71:$C$72,0)),INDEX('SCORING MASTER'!$D$74:$D$75,MATCH(AO14,'SCORING MASTER'!$C$74:$C$75,0)),INDEX('SCORING MASTER'!$D$77:$D$78,MATCH(AP14,'SCORING MASTER'!$C$77:$C$78,0)))*20,0)) | BJ14: =IF(COUNTBLANK(AU14:AZ14)>0,"",ROUND(AVERAGE(INDEX('SCORING MASTER'!$D$95:$D$96,MATCH(AU14,'SCORING MASTER'!$C$95:$C$96,0)),INDEX('SCORING MASTER'!$D$98:$D$99,MATCH(AV14,'SCORING MASTER'!$C$98:$C$99,0)),INDEX('SCORING MASTER'!$D$101:$D$102,MATCH(AW14,'SCORING MASTER'!$C$101:$C$102,0)),INDEX('SCORING MASTER'!$D$104:$D$105,MATCH(AX14,'SCORING MASTER'!$C$104:$C$105,0)),INDEX('SCORING MASTER'!$D$107:$D$108,MATCH(AY14,'SCORING MASTER'!$C$107:$C$108,0)),INDEX('SCORING MASTER'!$D$110:$D$111,MATCH(AZ14,'SCORING MASTER'!$C$110:$C$111,0)))*20,0)) | BK14: =IF(COUNTBLANK(AQ14:AT14)>0,"",ROUND(AVERAGE(INDEX('SCORING MASTER'!$D$80:$D$82,MATCH(AQ14,'SCORING MASTER'!$C$80:$C$82,0)),INDEX('SCORING MASTER'!$D$84:$D$86,MATCH(AR14,'SCORING MASTER'!$C$84:$C$86,0)),INDEX('SCORING MASTER'!$D$88:$D$90,MATCH(AS14,'SCORING MASTER'!$C$88:$C$90,0)),INDEX('SCORING MASTER'!$D$92:$D$93,MATCH(AT14,'SCORING MASTER'!$C$92:$C$93,0)))*20,0)) | BL14: =IF(COUNTBLANK(BA14:BE14)>0,"",ROUND(AVERAGE(INDEX('SCORING MASTER'!$D$113:$D$115,MATCH(BA14,'SCORING MASTER'!$C$113:$C$115,0)),INDEX('SCORING MASTER'!$D$117:$D$119,MATCH(BB14,'SCORING MASTER'!$C$117:$C$119,0)),INDEX('SCORING MASTER'!$D$121:$D$123,MATCH(BC14,'SCORING MASTER'!$C$121:$C$123,0)),INDEX('SCORING MASTER'!$D$125:$D$126,MATCH(BD14,'SCORING MASTER'!$C$125:$C$126,0)),INDEX('SCORING MASTER'!$D$128:$D$129,MATCH(BE14,'SCORING MASTER'!$C$128:$C$129,0)))*20,0)) | BM14: =IF(OR(BF14="",BG14="",BH14="",BI14="",BJ14="",BK14="",BL14=""),"",ROUND(BF14*0.25+BG14*0.2+BH14*0.15+BI14*0.15+BJ14*0.1+BK14*0.1+BL14*0.05,0)) | BN14: =IF(OR(BF14="",BG14=""),"",ROUND(BF14*0.5+BG14*0.5,0)) | BO14: =IF(BN14="","",ROUND(MIN(100,MAX(0,(100-BN14)+IF(AL14="Yes",15,0)+IF(AM14="Yes",15,0)+IF(AND(U14<>"",U14<18.5),20,0))),0)) | BP14: =IF(BM14="","",IF(BM14>=90,"Green - Healthy",IF(BM14>=75,"Light Green - Mild Watch",IF(BM14>=60,"Yellow - Mild Risk",IF(BM14>=40,"Orange - Moderate Risk","Red - High Risk"))))) | BQ14: =IF(BM14="","",IF(OR(BM14<60,BO14>=60,AJ14="Yes"),"Yes","No")) | BR14: =IF(BM14="","",IF(OR(BP14="Orange - Moderate Risk",BP14="Red - High Risk",BQ14="Yes"),"Yes","No"))
A15: =IF(I15="","","STU"&TEXT(ROW()-3,"000000")) | S15: =IF(OR(Q15="",R15=""),"",ROUND(R15/((Q15/100)^2),1)) | T15: =IF(S15="","",IF(S15<18.5,"Underweight",IF(S15<25,"Normal",IF(S15<30,"Overweight","Obese")))) | BF15: =IF(T15="","",IF(T15="Normal",100,IF(T15="Overweight",65,IF(T15="Obese",50,IF(AND(U15<>"",U15<18.5),30,45))))) | BG15: =IF(COUNTBLANK(W15:AC15)>0,"",ROUND(AVERAGE(INDEX('SCORING MASTER'!$D$5:$D$7,MATCH(W15,'SCORING MASTER'!$C$5:$C$7,0)),INDEX('SCORING MASTER'!$D$9:$D$11,MATCH(X15,'SCORING MASTER'!$C$9:$C$11,0)),INDEX('SCORING MASTER'!$D$13:$D$15,MATCH(Y15,'SCORING MASTER'!$C$13:$C$15,0)),INDEX('SCORING MASTER'!$D$17:$D$19,MATCH(Z15,'SCORING MASTER'!$C$17:$C$19,0)),INDEX('SCORING MASTER'!$D$21:$D$23,MATCH(AA15,'SCORING MASTER'!$C$21:$C$23,0)),INDEX('SCORING MASTER'!$D$25:$D$27,MATCH(AB15,'SCORING MASTER'!$C$25:$C$27,0)),INDEX('SCORING MASTER'!$D$29:$D$31,MATCH(AC15,'SCORING MASTER'!$C$29:$C$31,0)))*20,0)) | BH15: =IF(COUNTBLANK(AD15:AI15)>0,"",ROUND(AVERAGE(INDEX('SCORING MASTER'!$D$33:$D$35,MATCH(AD15,'SCORING MASTER'!$C$33:$C$35,0)),INDEX('SCORING MASTER'!$D$37:$D$39,MATCH(AE15,'SCORING MASTER'!$C$37:$C$39,0)),INDEX('SCORING MASTER'!$D$41:$D$43,MATCH(AF15,'SCORING MASTER'!$C$41:$C$43,0)),INDEX('SCORING MASTER'!$D$45:$D$47,MATCH(AG15,'SCORING MASTER'!$C$45:$C$47,0)),INDEX('SCORING MASTER'!$D$49:$D$52,MATCH(AH15,'SCORING MASTER'!$C$49:$C$52,0)),INDEX('SCORING MASTER'!$D$54:$D$57,MATCH(AI15,'SCORING MASTER'!$C$54:$C$57,0)))*20,0)) | BI15: =IF(COUNTBLANK(AJ15:AP15)>0,"",ROUND(AVERAGE(INDEX('SCORING MASTER'!$D$59:$D$60,MATCH(AJ15,'SCORING MASTER'!$C$59:$C$60,0)),INDEX('SCORING MASTER'!$D$62:$D$63,MATCH(AK15,'SCORING MASTER'!$C$62:$C$63,0)),INDEX('SCORING MASTER'!$D$65:$D$66,MATCH(AL15,'SCORING MASTER'!$C$65:$C$66,0)),INDEX('SCORING MASTER'!$D$68:$D$69,MATCH(AM15,'SCORING MASTER'!$C$68:$C$69,0)),INDEX('SCORING MASTER'!$D$71:$D$72,MATCH(AN15,'SCORING MASTER'!$C$71:$C$72,0)),INDEX('SCORING MASTER'!$D$74:$D$75,MATCH(AO15,'SCORING MASTER'!$C$74:$C$75,0)),INDEX('SCORING MASTER'!$D$77:$D$78,MATCH(AP15,'SCORING MASTER'!$C$77:$C$78,0)))*20,0)) | BJ15: =IF(COUNTBLANK(AU15:AZ15)>0,"",ROUND(AVERAGE(INDEX('SCORING MASTER'!$D$95:$D$96,MATCH(AU15,'SCORING MASTER'!$C$95:$C$96,0)),INDEX('SCORING MASTER'!$D$98:$D$99,MATCH(AV15,'SCORING MASTER'!$C$98:$C$99,0)),INDEX('SCORING MASTER'!$D$101:$D$102,MATCH(AW15,'SCORING MASTER'!$C$101:$C$102,0)),INDEX('SCORING MASTER'!$D$104:$D$105,MATCH(AX15,'SCORING MASTER'!$C$104:$C$105,0)),INDEX('SCORING MASTER'!$D$107:$D$108,MATCH(AY15,'SCORING MASTER'!$C$107:$C$108,0)),INDEX('SCORING MASTER'!$D$110:$D$111,MATCH(AZ15,'SCORING MASTER'!$C$110:$C$111,0)))*20,0)) | BK15: =IF(COUNTBLANK(AQ15:AT15)>0,"",ROUND(AVERAGE(INDEX('SCORING MASTER'!$D$80:$D$82,MATCH(AQ15,'SCORING MASTER'!$C$80:$C$82,0)),INDEX('SCORING MASTER'!$D$84:$D$86,MATCH(AR15,'SCORING MASTER'!$C$84:$C$86,0)),INDEX('SCORING MASTER'!$D$88:$D$90,MATCH(AS15,'SCORING MASTER'!$C$88:$C$90,0)),INDEX('SCORING MASTER'!$D$92:$D$93,MATCH(AT15,'SCORING MASTER'!$C$92:$C$93,0)))*20,0)) | BL15: =IF(COUNTBLANK(BA15:BE15)>0,"",ROUND(AVERAGE(INDEX('SCORING MASTER'!$D$113:$D$115,MATCH(BA15,'SCORING MASTER'!$C$113:$C$115,0)),INDEX('SCORING MASTER'!$D$117:$D$119,MATCH(BB15,'SCORING MASTER'!$C$117:$C$119,0)),INDEX('SCORING MASTER'!$D$121:$D$123,MATCH(BC15,'SCORING MASTER'!$C$121:$C$123,0)),INDEX('SCORING MASTER'!$D$125:$D$126,MATCH(BD15,'SCORING MASTER'!$C$125:$C$126,0)),INDEX('SCORING MASTER'!$D$128:$D$129,MATCH(BE15,'SCORING MASTER'!$C$128:$C$129,0)))*20,0)) | BM15: =IF(OR(BF15="",BG15="",BH15="",BI15="",BJ15="",BK15="",BL15=""),"",ROUND(BF15*0.25+BG15*0.2+BH15*0.15+BI15*0.15+BJ15*0.1+BK15*0.1+BL15*0.05,0)) | BN15: =IF(OR(BF15="",BG15=""),"",ROUND(BF15*0.5+BG15*0.5,0)) | BO15: =IF(BN15="","",ROUND(MIN(100,MAX(0,(100-BN15)+IF(AL15="Yes",15,0)+IF(AM15="Yes",15,0)+IF(AND(U15<>"",U15<18.5),20,0))),0)) | BP15: =IF(BM15="","",IF(BM15>=90,"Green - Healthy",IF(BM15>=75,"Light Green - Mild Watch",IF(BM15>=60,"Yellow - Mild Risk",IF(BM15>=40,"Orange - Moderate Risk","Red - High Risk"))))) | BQ15: =IF(BM15="","",IF(OR(BM15<60,BO15>=60,AJ15="Yes"),"Yes","No")) | BR15: =IF(BM15="","",IF(OR(BP15="Orange - Moderate Risk",BP15="Red - High Risk",BQ15="Yes"),"Yes","No"))
A16: =IF(I16="","","STU"&TEXT(ROW()-3,"000000")) | S16: =IF(OR(Q16="",R16=""),"",ROUND(R16/((Q16/100)^2),1)) | T16: =IF(S16="","",IF(S16<18.5,"Underweight",IF(S16<25,"Normal",IF(S16<30,"Overweight","Obese")))) | BF16: =IF(T16="","",IF(T16="Normal",100,IF(T16="Overweight",65,IF(T16="Obese",50,IF(AND(U16<>"",U16<18.5),30,45))))) | BG16: =IF(COUNTBLANK(W16:AC16)>0,"",ROUND(AVERAGE(INDEX('SCORING MASTER'!$D$5:$D$7,MATCH(W16,'SCORING MASTER'!$C$5:$C$7,0)),INDEX('SCORING MASTER'!$D$9:$D$11,MATCH(X16,'SCORING MASTER'!$C$9:$C$11,0)),INDEX('SCORING MASTER'!$D$13:$D$15,MATCH(Y16,'SCORING MASTER'!$C$13:$C$15,0)),INDEX('SCORING MASTER'!$D$17:$D$19,MATCH(Z16,'SCORING MASTER'!$C$17:$C$19,0)),INDEX('SCORING MASTER'!$D$21:$D$23,MATCH(AA16,'SCORING MASTER'!$C$21:$C$23,0)),INDEX('SCORING MASTER'!$D$25:$D$27,MATCH(AB16,'SCORING MASTER'!$C$25:$C$27,0)),INDEX('SCORING MASTER'!$D$29:$D$31,MATCH(AC16,'SCORING MASTER'!$C$29:$C$31,0)))*20,0)) | BH16: =IF(COUNTBLANK(AD16:AI16)>0,"",ROUND(AVERAGE(INDEX('SCORING MASTER'!$D$33:$D$35,MATCH(AD16,'SCORING MASTER'!$C$33:$C$35,0)),INDEX('SCORING MASTER'!$D$37:$D$39,MATCH(AE16,'SCORING MASTER'!$C$37:$C$39,0)),INDEX('SCORING MASTER'!$D$41:$D$43,MATCH(AF16,'SCORING MASTER'!$C$41:$C$43,0)),INDEX('SCORING MASTER'!$D$45:$D$47,MATCH(AG16,'SCORING MASTER'!$C$45:$C$47,0)),INDEX('SCORING MASTER'!$D$49:$D$52,MATCH(AH16,'SCORING MASTER'!$C$49:$C$52,0)),INDEX('SCORING MASTER'!$D$54:$D$57,MATCH(AI16,'SCORING MASTER'!$C$54:$C$57,0)))*20,0)) | BI16: =IF(COUNTBLANK(AJ16:AP16)>0,"",ROUND(AVERAGE(INDEX('SCORING MASTER'!$D$59:$D$60,MATCH(AJ16,'SCORING MASTER'!$C$59:$C$60,0)),INDEX('SCORING MASTER'!$D$62:$D$63,MATCH(AK16,'SCORING MASTER'!$C$62:$C$63,0)),INDEX('SCORING MASTER'!$D$65:$D$66,MATCH(AL16,'SCORING MASTER'!$C$65:$C$66,0)),INDEX('SCORING MASTER'!$D$68:$D$69,MATCH(AM16,'SCORING MASTER'!$C$68:$C$69,0)),INDEX('SCORING MASTER'!$D$71:$D$72,MATCH(AN16,'SCORING MASTER'!$C$71:$C$72,0)),INDEX('SCORING MASTER'!$D$74:$D$75,MATCH(AO16,'SCORING MASTER'!$C$74:$C$75,0)),INDEX('SCORING MASTER'!$D$77:$D$78,MATCH(AP16,'SCORING MASTER'!$C$77:$C$78,0)))*20,0)) | BJ16: =IF(COUNTBLANK(AU16:AZ16)>0,"",ROUND(AVERAGE(INDEX('SCORING MASTER'!$D$95:$D$96,MATCH(AU16,'SCORING MASTER'!$C$95:$C$96,0)),INDEX('SCORING MASTER'!$D$98:$D$99,MATCH(AV16,'SCORING MASTER'!$C$98:$C$99,0)),INDEX('SCORING MASTER'!$D$101:$D$102,MATCH(AW16,'SCORING MASTER'!$C$101:$C$102,0)),INDEX('SCORING MASTER'!$D$104:$D$105,MATCH(AX16,'SCORING MASTER'!$C$104:$C$105,0)),INDEX('SCORING MASTER'!$D$107:$D$108,MATCH(AY16,'SCORING MASTER'!$C$107:$C$108,0)),INDEX('SCORING MASTER'!$D$110:$D$111,MATCH(AZ16,'SCORING MASTER'!$C$110:$C$111,0)))*20,0)) | BK16: =IF(COUNTBLANK(AQ16:AT16)>0,"",ROUND(AVERAGE(INDEX('SCORING MASTER'!$D$80:$D$82,MATCH(AQ16,'SCORING MASTER'!$C$80:$C$82,0)),INDEX('SCORING MASTER'!$D$84:$D$86,MATCH(AR16,'SCORING MASTER'!$C$84:$C$86,0)),INDEX('SCORING MASTER'!$D$88:$D$90,MATCH(AS16,'SCORING MASTER'!$C$88:$C$90,0)),INDEX('SCORING MASTER'!$D$92:$D$93,MATCH(AT16,'SCORING MASTER'!$C$92:$C$93,0)))*20,0)) | BL16: =IF(COUNTBLANK(BA16:BE16)>0,"",ROUND(AVERAGE(INDEX('SCORING MASTER'!$D$113:$D$115,MATCH(BA16,'SCORING MASTER'!$C$113:$C$115,0)),INDEX('SCORING MASTER'!$D$117:$D$119,MATCH(BB16,'SCORING MASTER'!$C$117:$C$119,0)),INDEX('SCORING MASTER'!$D$121:$D$123,MATCH(BC16,'SCORING MASTER'!$C$121:$C$123,0)),INDEX('SCORING MASTER'!$D$125:$D$126,MATCH(BD16,'SCORING MASTER'!$C$125:$C$126,0)),INDEX('SCORING MASTER'!$D$128:$D$129,MATCH(BE16,'SCORING MASTER'!$C$128:$C$129,0)))*20,0)) | BM16: =IF(OR(BF16="",BG16="",BH16="",BI16="",BJ16="",BK16="",BL16=""),"",ROUND(BF16*0.25+BG16*0.2+BH16*0.15+BI16*0.15+BJ16*0.1+BK16*0.1+BL16*0.05,0)) | BN16: =IF(OR(BF16="",BG16=""),"",ROUND(BF16*0.5+BG16*0.5,0)) | BO16: =IF(BN16="","",ROUND(MIN(100,MAX(0,(100-BN16)+IF(AL16="Yes",15,0)+IF(AM16="Yes",15,0)+IF(AND(U16<>"",U16<18.5),20,0))),0)) | BP16: =IF(BM16="","",IF(BM16>=90,"Green - Healthy",IF(BM16>=75,"Light Green - Mild Watch",IF(BM16>=60,"Yellow - Mild Risk",IF(BM16>=40,"Orange - Moderate Risk","Red - High Risk"))))) | BQ16: =IF(BM16="","",IF(OR(BM16<60,BO16>=60,AJ16="Yes"),"Yes","No")) | BR16: =IF(BM16="","",IF(OR(BP16="Orange - Moderate Risk",BP16="Red - High Risk",BQ16="Yes"),"Yes","No"))
A17: =IF(I17="","","STU"&TEXT(ROW()-3,"000000")) | S17: =IF(OR(Q17="",R17=""),"",ROUND(R17/((Q17/100)^2),1)) | T17: =IF(S17="","",IF(S17<18.5,"Underweight",IF(S17<25,"Normal",IF(S17<30,"Overweight","Obese")))) | BF17: =IF(T17="","",IF(T17="Normal",100,IF(T17="Overweight",65,IF(T17="Obese",50,IF(AND(U17<>"",U17<18.5),30,45))))) | BG17: =IF(COUNTBLANK(W17:AC17)>0,"",ROUND(AVERAGE(INDEX('SCORING MASTER'!$D$5:$D$7,MATCH(W17,'SCORING MASTER'!$C$5:$C$7,0)),INDEX('SCORING MASTER'!$D$9:$D$11,MATCH(X17,'SCORING MASTER'!$C$9:$C$11,0)),INDEX('SCORING MASTER'!$D$13:$D$15,MATCH(Y17,'SCORING MASTER'!$C$13:$C$15,0)),INDEX('SCORING MASTER'!$D$17:$D$19,MATCH(Z17,'SCORING MASTER'!$C$17:$C$19,0)),INDEX('SCORING MASTER'!$D$21:$D$23,MATCH(AA17,'SCORING MASTER'!$C$21:$C$23,0)),INDEX('SCORING MASTER'!$D$25:$D$27,MATCH(AB17,'SCORING MASTER'!$C$25:$C$27,0)),INDEX('SCORING MASTER'!$D$29:$D$31,MATCH(AC17,'SCORING MASTER'!$C$29:$C$31,0)))*20,0)) | BH17: =IF(COUNTBLANK(AD17:AI17)>0,"",ROUND(AVERAGE(INDEX('SCORING MASTER'!$D$33:$D$35,MATCH(AD17,'SCORING MASTER'!$C$33:$C$35,0)),INDEX('SCORING MASTER'!$D$37:$D$39,MATCH(AE17,'SCORING MASTER'!$C$37:$C$39,0)),INDEX('SCORING MASTER'!$D$41:$D$43,MATCH(AF17,'SCORING MASTER'!$C$41:$C$43,0)),INDEX('SCORING MASTER'!$D$45:$D$47,MATCH(AG17,'SCORING MASTER'!$C$45:$C$47,0)),INDEX('SCORING MASTER'!$D$49:$D$52,MATCH(AH17,'SCORING MASTER'!$C$49:$C$52,0)),INDEX('SCORING MASTER'!$D$54:$D$57,MATCH(AI17,'SCORING MASTER'!$C$54:$C$57,0)))*20,0)) | BI17: =IF(COUNTBLANK(AJ17:AP17)>0,"",ROUND(AVERAGE(INDEX('SCORING MASTER'!$D$59:$D$60,MATCH(AJ17,'SCORING MASTER'!$C$59:$C$60,0)),INDEX('SCORING MASTER'!$D$62:$D$63,MATCH(AK17,'SCORING MASTER'!$C$62:$C$63,0)),INDEX('SCORING MASTER'!$D$65:$D$66,MATCH(AL17,'SCORING MASTER'!$C$65:$C$66,0)),INDEX('SCORING MASTER'!$D$68:$D$69,MATCH(AM17,'SCORING MASTER'!$C$68:$C$69,0)),INDEX('SCORING MASTER'!$D$71:$D$72,MATCH(AN17,'SCORING MASTER'!$C$71:$C$72,0)),INDEX('SCORING MASTER'!$D$74:$D$75,MATCH(AO17,'SCORING MASTER'!$C$74:$C$75,0)),INDEX('SCORING MASTER'!$D$77:$D$78,MATCH(AP17,'SCORING MASTER'!$C$77:$C$78,0)))*20,0)) | BJ17: =IF(COUNTBLANK(AU17:AZ17)>0,"",ROUND(AVERAGE(INDEX('SCORING MASTER'!$D$95:$D$96,MATCH(AU17,'SCORING MASTER'!$C$95:$C$96,0)),INDEX('SCORING MASTER'!$D$98:$D$99,MATCH(AV17,'SCORING MASTER'!$C$98:$C$99,0)),INDEX('SCORING MASTER'!$D$101:$D$102,MATCH(AW17,'SCORING MASTER'!$C$101:$C$102,0)),INDEX('SCORING MASTER'!$D$104:$D$105,MATCH(AX17,'SCORING MASTER'!$C$104:$C$105,0)),INDEX('SCORING MASTER'!$D$107:$D$108,MATCH(AY17,'SCORING MASTER'!$C$107:$C$108,0)),INDEX('SCORING MASTER'!$D$110:$D$111,MATCH(AZ17,'SCORING MASTER'!$C$110:$C$111,0)))*20,0)) | BK17: =IF(COUNTBLANK(AQ17:AT17)>0,"",ROUND(AVERAGE(INDEX('SCORING MASTER'!$D$80:$D$82,MATCH(AQ17,'SCORING MASTER'!$C$80:$C$82,0)),INDEX('SCORING MASTER'!$D$84:$D$86,MATCH(AR17,'SCORING MASTER'!$C$84:$C$86,0)),INDEX('SCORING MASTER'!$D$88:$D$90,MATCH(AS17,'SCORING MASTER'!$C$88:$C$90,0)),INDEX('SCORING MASTER'!$D$92:$D$93,MATCH(AT17,'SCORING MASTER'!$C$92:$C$93,0)))*20,0)) | BL17: =IF(COUNTBLANK(BA17:BE17)>0,"",ROUND(AVERAGE(INDEX('SCORING MASTER'!$D$113:$D$115,MATCH(BA17,'SCORING MASTER'!$C$113:$C$115,0)),INDEX('SCORING MASTER'!$D$117:$D$119,MATCH(BB17,'SCORING MASTER'!$C$117:$C$119,0)),INDEX('SCORING MASTER'!$D$121:$D$123,MATCH(BC17,'SCORING MASTER'!$C$121:$C$123,0)),INDEX('SCORING MASTER'!$D$125:$D$126,MATCH(BD17,'SCORING MASTER'!$C$125:$C$126,0)),INDEX('SCORING MASTER'!$D$128:$D$129,MATCH(BE17,'SCORING MASTER'!$C$128:$C$129,0)))*20,0)) | BM17: =IF(OR(BF17="",BG17="",BH17="",BI17="",BJ17="",BK17="",BL17=""),"",ROUND(BF17*0.25+BG17*0.2+BH17*0.15+BI17*0.15+BJ17*0.1+BK17*0.1+BL17*0.05,0)) | BN17: =IF(OR(BF17="",BG17=""),"",ROUND(BF17*0.5+BG17*0.5,0)) | BO17: =IF(BN17="","",ROUND(MIN(100,MAX(0,(100-BN17)+IF(AL17="Yes",15,0)+IF(AM17="Yes",15,0)+IF(AND(U17<>"",U17<18.5),20,0))),0)) | BP17: =IF(BM17="","",IF(BM17>=90,"Green - Healthy",IF(BM17>=75,"Light Green - Mild Watch",IF(BM17>=60,"Yellow - Mild Risk",IF(BM17>=40,"Orange - Moderate Risk","Red - High Risk"))))) | BQ17: =IF(BM17="","",IF(OR(BM17<60,BO17>=60,AJ17="Yes"),"Yes","No")) | BR17: =IF(BM17="","",IF(OR(BP17="Orange - Moderate Risk",BP17="Red - High Risk",BQ17="Yes"),"Yes","No"))
A18: =IF(I18="","","STU"&TEXT(ROW()-3,"000000")) | S18: =IF(OR(Q18="",R18=""),"",ROUND(R18/((Q18/100)^2),1)) | T18: =IF(S18="","",IF(S18<18.5,"Underweight",IF(S18<25,"Normal",IF(S18<30,"Overweight","Obese")))) | BF18: =IF(T18="","",IF(T18="Normal",100,IF(T18="Overweight",65,IF(T18="Obese",50,IF(AND(U18<>"",U18<18.5),30,45))))) | BG18: =IF(COUNTBLANK(W18:AC18)>0,"",ROUND(AVERAGE(INDEX('SCORING MASTER'!$D$5:$D$7,MATCH(W18,'SCORING MASTER'!$C$5:$C$7,0)),INDEX('SCORING MASTER'!$D$9:$D$11,MATCH(X18,'SCORING MASTER'!$C$9:$C$11,0)),INDEX('SCORING MASTER'!$D$13:$D$15,MATCH(Y18,'SCORING MASTER'!$C$13:$C$15,0)),INDEX('SCORING MASTER'!$D$17:$D$19,MATCH(Z18,'SCORING MASTER'!$C$17:$C$19,0)),INDEX('SCORING MASTER'!$D$21:$D$23,MATCH(AA18,'SCORING MASTER'!$C$21:$C$23,0)),INDEX('SCORING MASTER'!$D$25:$D$27,MATCH(AB18,'SCORING MASTER'!$C$25:$C$27,0)),INDEX('SCORING MASTER'!$D$29:$D$31,MATCH(AC18,'SCORING MASTER'!$C$29:$C$31,0)))*20,0)) | BH18: =IF(COUNTBLANK(AD18:AI18)>0,"",ROUND(AVERAGE(INDEX('SCORING MASTER'!$D$33:$D$35,MATCH(AD18,'SCORING MASTER'!$C$33:$C$35,0)),INDEX('SCORING MASTER'!$D$37:$D$39,MATCH(AE18,'SCORING MASTER'!$C$37:$C$39,0)),INDEX('SCORING MASTER'!$D$41:$D$43,MATCH(AF18,'SCORING MASTER'!$C$41:$C$43,0)),INDEX('SCORING MASTER'!$D$45:$D$47,MATCH(AG18,'SCORING MASTER'!$C$45:$C$47,0)),INDEX('SCORING MASTER'!$D$49:$D$52,MATCH(AH18,'SCORING MASTER'!$C$49:$C$52,0)),INDEX('SCORING MASTER'!$D$54:$D$57,MATCH(AI18,'SCORING MASTER'!$C$54:$C$57,0)))*20,0)) | BI18: =IF(COUNTBLANK(AJ18:AP18)>0,"",ROUND(AVERAGE(INDEX('SCORING MASTER'!$D$59:$D$60,MATCH(AJ18,'SCORING MASTER'!$C$59:$C$60,0)),INDEX('SCORING MASTER'!$D$62:$D$63,MATCH(AK18,'SCORING MASTER'!$C$62:$C$63,0)),INDEX('SCORING MASTER'!$D$65:$D$66,MATCH(AL18,'SCORING MASTER'!$C$65:$C$66,0)),INDEX('SCORING MASTER'!$D$68:$D$69,MATCH(AM18,'SCORING MASTER'!$C$68:$C$69,0)),INDEX('SCORING MASTER'!$D$71:$D$72,MATCH(AN18,'SCORING MASTER'!$C$71:$C$72,0)),INDEX('SCORING MASTER'!$D$74:$D$75,MATCH(AO18,'SCORING MASTER'!$C$74:$C$75,0)),INDEX('SCORING MASTER'!$D$77:$D$78,MATCH(AP18,'SCORING MASTER'!$C$77:$C$78,0)))*20,0)) | BJ18: =IF(COUNTBLANK(AU18:AZ18)>0,"",ROUND(AVERAGE(INDEX('SCORING MASTER'!$D$95:$D$96,MATCH(AU18,'SCORING MASTER'!$C$95:$C$96,0)),INDEX('SCORING MASTER'!$D$98:$D$99,MATCH(AV18,'SCORING MASTER'!$C$98:$C$99,0)),INDEX('SCORING MASTER'!$D$101:$D$102,MATCH(AW18,'SCORING MASTER'!$C$101:$C$102,0)),INDEX('SCORING MASTER'!$D$104:$D$105,MATCH(AX18,'SCORING MASTER'!$C$104:$C$105,0)),INDEX('SCORING MASTER'!$D$107:$D$108,MATCH(AY18,'SCORING MASTER'!$C$107:$C$108,0)),INDEX('SCORING MASTER'!$D$110:$D$111,MATCH(AZ18,'SCORING MASTER'!$C$110:$C$111,0)))*20,0)) | BK18: =IF(COUNTBLANK(AQ18:AT18)>0,"",ROUND(AVERAGE(INDEX('SCORING MASTER'!$D$80:$D$82,MATCH(AQ18,'SCORING MASTER'!$C$80:$C$82,0)),INDEX('SCORING MASTER'!$D$84:$D$86,MATCH(AR18,'SCORING MASTER'!$C$84:$C$86,0)),INDEX('SCORING MASTER'!$D$88:$D$90,MATCH(AS18,'SCORING MASTER'!$C$88:$C$90,0)),INDEX('SCORING MASTER'!$D$92:$D$93,MATCH(AT18,'SCORING MASTER'!$C$92:$C$93,0)))*20,0)) | BL18: =IF(COUNTBLANK(BA18:BE18)>0,"",ROUND(AVERAGE(INDEX('SCORING MASTER'!$D$113:$D$115,MATCH(BA18,'SCORING MASTER'!$C$113:$C$115,0)),INDEX('SCORING MASTER'!$D$117:$D$119,MATCH(BB18,'SCORING MASTER'!$C$117:$C$119,0)),INDEX('SCORING MASTER'!$D$121:$D$123,MATCH(BC18,'SCORING MASTER'!$C$121:$C$123,0)),INDEX('SCORING MASTER'!$D$125:$D$126,MATCH(BD18,'SCORING MASTER'!$C$125:$C$126,0)),INDEX('SCORING MASTER'!$D$128:$D$129,MATCH(BE18,'SCORING MASTER'!$C$128:$C$129,0)))*20,0)) | BM18: =IF(OR(BF18="",BG18="",BH18="",BI18="",BJ18="",BK18="",BL18=""),"",ROUND(BF18*0.25+BG18*0.2+BH18*0.15+BI18*0.15+BJ18*0.1+BK18*0.1+BL18*0.05,0)) | BN18: =IF(OR(BF18="",BG18=""),"",ROUND(BF18*0.5+BG18*0.5,0)) | BO18: =IF(BN18="","",ROUND(MIN(100,MAX(0,(100-BN18)+IF(AL18="Yes",15,0)+IF(AM18="Yes",15,0)+IF(AND(U18<>"",U18<18.5),20,0))),0)) | BP18: =IF(BM18="","",IF(BM18>=90,"Green - Healthy",IF(BM18>=75,"Light Green - Mild Watch",IF(BM18>=60,"Yellow - Mild Risk",IF(BM18>=40,"Orange - Moderate Risk","Red - High Risk"))))) | BQ18: =IF(BM18="","",IF(OR(BM18<60,BO18>=60,AJ18="Yes"),"Yes","No")) | BR18: =IF(BM18="","",IF(OR(BP18="Orange - Moderate Risk",BP18="Red - High Risk",BQ18="Yes"),"Yes","No"))
A19: =IF(I19="","","STU"&TEXT(ROW()-3,"000000")) | S19: =IF(OR(Q19="",R19=""),"",ROUND(R19/((Q19/100)^2),1)) | T19: =IF(S19="","",IF(S19<18.5,"Underweight",IF(S19<25,"Normal",IF(S19<30,"Overweight","Obese")))) | BF19: =IF(T19="","",IF(T19="Normal",100,IF(T19="Overweight",65,IF(T19="Obese",50,IF(AND(U19<>"",U19<18.5),30,45))))) | BG19: =IF(COUNTBLANK(W19:AC19)>0,"",ROUND(AVERAGE(INDEX('SCORING MASTER'!$D$5:$D$7,MATCH(W19,'SCORING MASTER'!$C$5:$C$7,0)),INDEX('SCORING MASTER'!$D$9:$D$11,MATCH(X19,'SCORING MASTER'!$C$9:$C$11,0)),INDEX('SCORING MASTER'!$D$13:$D$15,MATCH(Y19,'SCORING MASTER'!$C$13:$C$15,0)),INDEX('SCORING MASTER'!$D$17:$D$19,MATCH(Z19,'SCORING MASTER'!$C$17:$C$19,0)),INDEX('SCORING MASTER'!$D$21:$D$23,MATCH(AA19,'SCORING MASTER'!$C$21:$C$23,0)),INDEX('SCORING MASTER'!$D$25:$D$27,MATCH(AB19,'SCORING MASTER'!$C$25:$C$27,0)),INDEX('SCORING MASTER'!$D$29:$D$31,MATCH(AC19,'SCORING MASTER'!$C$29:$C$31,0)))*20,0)) | BH19: =IF(COUNTBLANK(AD19:AI19)>0,"",ROUND(AVERAGE(INDEX('SCORING MASTER'!$D$33:$D$35,MATCH(AD19,'SCORING MASTER'!$C$33:$C$35,0)),INDEX('SCORING MASTER'!$D$37:$D$39,MATCH(AE19,'SCORING MASTER'!$C$37:$C$39,0)),INDEX('SCORING MASTER'!$D$41:$D$43,MATCH(AF19,'SCORING MASTER'!$C$41:$C$43,0)),INDEX('SCORING MASTER'!$D$45:$D$47,MATCH(AG19,'SCORING MASTER'!$C$45:$C$47,0)),INDEX('SCORING MASTER'!$D$49:$D$52,MATCH(AH19,'SCORING MASTER'!$C$49:$C$52,0)),INDEX('SCORING MASTER'!$D$54:$D$57,MATCH(AI19,'SCORING MASTER'!$C$54:$C$57,0)))*20,0)) | BI19: =IF(COUNTBLANK(AJ19:AP19)>0,"",ROUND(AVERAGE(INDEX('SCORING MASTER'!$D$59:$D$60,MATCH(AJ19,'SCORING MASTER'!$C$59:$C$60,0)),INDEX('SCORING MASTER'!$D$62:$D$63,MATCH(AK19,'SCORING MASTER'!$C$62:$C$63,0)),INDEX('SCORING MASTER'!$D$65:$D$66,MATCH(AL19,'SCORING MASTER'!$C$65:$C$66,0)),INDEX('SCORING MASTER'!$D$68:$D$69,MATCH(AM19,'SCORING MASTER'!$C$68:$C$69,0)),INDEX('SCORING MASTER'!$D$71:$D$72,MATCH(AN19,'SCORING MASTER'!$C$71:$C$72,0)),INDEX('SCORING MASTER'!$D$74:$D$75,MATCH(AO19,'SCORING MASTER'!$C$74:$C$75,0)),INDEX('SCORING MASTER'!$D$77:$D$78,MATCH(AP19,'SCORING MASTER'!$C$77:$C$78,0)))*20,0)) | BJ19: =IF(COUNTBLANK(AU19:AZ19)>0,"",ROUND(AVERAGE(INDEX('SCORING MASTER'!$D$95:$D$96,MATCH(AU19,'SCORING MASTER'!$C$95:$C$96,0)),INDEX('SCORING MASTER'!$D$98:$D$99,MATCH(AV19,'SCORING MASTER'!$C$98:$C$99,0)),INDEX('SCORING MASTER'!$D$101:$D$102,MATCH(AW19,'SCORING MASTER'!$C$101:$C$102,0)),INDEX('SCORING MASTER'!$D$104:$D$105,MATCH(AX19,'SCORING MASTER'!$C$104:$C$105,0)),INDEX('SCORING MASTER'!$D$107:$D$108,MATCH(AY19,'SCORING MASTER'!$C$107:$C$108,0)),INDEX('SCORING MASTER'!$D$110:$D$111,MATCH(AZ19,'SCORING MASTER'!$C$110:$C$111,0)))*20,0)) | BK19: =IF(COUNTBLANK(AQ19:AT19)>0,"",ROUND(AVERAGE(INDEX('SCORING MASTER'!$D$80:$D$82,MATCH(AQ19,'SCORING MASTER'!$C$80:$C$82,0)),INDEX('SCORING MASTER'!$D$84:$D$86,MATCH(AR19,'SCORING MASTER'!$C$84:$C$86,0)),INDEX('SCORING MASTER'!$D$88:$D$90,MATCH(AS19,'SCORING MASTER'!$C$88:$C$90,0)),INDEX('SCORING MASTER'!$D$92:$D$93,MATCH(AT19,'SCORING MASTER'!$C$92:$C$93,0)))*20,0)) | BL19: =IF(COUNTBLANK(BA19:BE19)>0,"",ROUND(AVERAGE(INDEX('SCORING MASTER'!$D$113:$D$115,MATCH(BA19,'SCORING MASTER'!$C$113:$C$115,0)),INDEX('SCORING MASTER'!$D$117:$D$119,MATCH(BB19,'SCORING MASTER'!$C$117:$C$119,0)),INDEX('SCORING MASTER'!$D$121:$D$123,MATCH(BC19,'SCORING MASTER'!$C$121:$C$123,0)),INDEX('SCORING MASTER'!$D$125:$D$126,MATCH(BD19,'SCORING MASTER'!$C$125:$C$126,0)),INDEX('SCORING MASTER'!$D$128:$D$129,MATCH(BE19,'SCORING MASTER'!$C$128:$C$129,0)))*20,0)) | BM19: =IF(OR(BF19="",BG19="",BH19="",BI19="",BJ19="",BK19="",BL19=""),"",ROUND(BF19*0.25+BG19*0.2+BH19*0.15+BI19*0.15+BJ19*0.1+BK19*0.1+BL19*0.05,0)) | BN19: =IF(OR(BF19="",BG19=""),"",ROUND(BF19*0.5+BG19*0.5,0)) | BO19: =IF(BN19="","",ROUND(MIN(100,MAX(0,(100-BN19)+IF(AL19="Yes",15,0)+IF(AM19="Yes",15,0)+IF(AND(U19<>"",U19<18.5),20,0))),0)) | BP19: =IF(BM19="","",IF(BM19>=90,"Green - Healthy",IF(BM19>=75,"Light Green - Mild Watch",IF(BM19>=60,"Yellow - Mild Risk",IF(BM19>=40,"Orange - Moderate Risk","Red - High Risk"))))) | BQ19: =IF(BM19="","",IF(OR(BM19<60,BO19>=60,AJ19="Yes"),"Yes","No")) | BR19: =IF(BM19="","",IF(OR(BP19="Orange - Moderate Risk",BP19="Red - High Risk",BQ19="Yes"),"Yes","No"))
A20: =IF(I20="","","STU"&TEXT(ROW()-3,"000000")) | S20: =IF(OR(Q20="",R20=""),"",ROUND(R20/((Q20/100)^2),1)) | T20: =IF(S20="","",IF(S20<18.5,"Underweight",IF(S20<25,"Normal",IF(S20<30,"Overweight","Obese")))) | BF20: =IF(T20="","",IF(T20="Normal",100,IF(T20="Overweight",65,IF(T20="Obese",50,IF(AND(U20<>"",U20<18.5),30,45))))) | BG20: =IF(COUNTBLANK(W20:AC20)>0,"",ROUND(AVERAGE(INDEX('SCORING MASTER'!$D$5:$D$7,MATCH(W20,'SCORING MASTER'!$C$5:$C$7,0)),INDEX('SCORING MASTER'!$D$9:$D$11,MATCH(X20,'SCORING MASTER'!$C$9:$C$11,0)),INDEX('SCORING MASTER'!$D$13:$D$15,MATCH(Y20,'SCORING MASTER'!$C$13:$C$15,0)),INDEX('SCORING MASTER'!$D$17:$D$19,MATCH(Z20,'SCORING MASTER'!$C$17:$C$19,0)),INDEX('SCORING MASTER'!$D$21:$D$23,MATCH(AA20,'SCORING MASTER'!$C$21:$C$23,0)),INDEX('SCORING MASTER'!$D$25:$D$27,MATCH(AB20,'SCORING MASTER'!$C$25:$C$27,0)),INDEX('SCORING MASTER'!$D$29:$D$31,MATCH(AC20,'SCORING MASTER'!$C$29:$C$31,0)))*20,0)) | BH20: =IF(COUNTBLANK(AD20:AI20)>0,"",ROUND(AVERAGE(INDEX('SCORING MASTER'!$D$33:$D$35,MATCH(AD20,'SCORING MASTER'!$C$33:$C$35,0)),INDEX('SCORING MASTER'!$D$37:$D$39,MATCH(AE20,'SCORING MASTER'!$C$37:$C$39,0)),INDEX('SCORING MASTER'!$D$41:$D$43,MATCH(AF20,'SCORING MASTER'!$C$41:$C$43,0)),INDEX('SCORING MASTER'!$D$45:$D$47,MATCH(AG20,'SCORING MASTER'!$C$45:$C$47,0)),INDEX('SCORING MASTER'!$D$49:$D$52,MATCH(AH20,'SCORING MASTER'!$C$49:$C$52,0)),INDEX('SCORING MASTER'!$D$54:$D$57,MATCH(AI20,'SCORING MASTER'!$C$54:$C$57,0)))*20,0)) | BI20: =IF(COUNTBLANK(AJ20:AP20)>0,"",ROUND(AVERAGE(INDEX('SCORING MASTER'!$D$59:$D$60,MATCH(AJ20,'SCORING MASTER'!$C$59:$C$60,0)),INDEX('SCORING MASTER'!$D$62:$D$63,MATCH(AK20,'SCORING MASTER'!$C$62:$C$63,0)),INDEX('SCORING MASTER'!$D$65:$D$66,MATCH(AL20,'SCORING MASTER'!$C$65:$C$66,0)),INDEX('SCORING MASTER'!$D$68:$D$69,MATCH(AM20,'SCORING MASTER'!$C$68:$C$69,0)),INDEX('SCORING MASTER'!$D$71:$D$72,MATCH(AN20,'SCORING MASTER'!$C$71:$C$72,0)),INDEX('SCORING MASTER'!$D$74:$D$75,MATCH(AO20,'SCORING MASTER'!$C$74:$C$75,0)),INDEX('SCORING MASTER'!$D$77:$D$78,MATCH(AP20,'SCORING MASTER'!$C$77:$C$78,0)))*20,0)) | BJ20: =IF(COUNTBLANK(AU20:AZ20)>0,"",ROUND(AVERAGE(INDEX('SCORING MASTER'!$D$95:$D$96,MATCH(AU20,'SCORING MASTER'!$C$95:$C$96,0)),INDEX('SCORING MASTER'!$D$98:$D$99,MATCH(AV20,'SCORING MASTER'!$C$98:$C$99,0)),INDEX('SCORING MASTER'!$D$101:$D$102,MATCH(AW20,'SCORING MASTER'!$C$101:$C$102,0)),INDEX('SCORING MASTER'!$D$104:$D$105,MATCH(AX20,'SCORING MASTER'!$C$104:$C$105,0)),INDEX('SCORING MASTER'!$D$107:$D$108,MATCH(AY20,'SCORING MASTER'!$C$107:$C$108,0)),INDEX('SCORING MASTER'!$D$110:$D$111,MATCH(AZ20,'SCORING MASTER'!$C$110:$C$111,0)))*20,0)) | BK20: =IF(COUNTBLANK(AQ20:AT20)>0,"",ROUND(AVERAGE(INDEX('SCORING MASTER'!$D$80:$D$82,MATCH(AQ20,'SCORING MASTER'!$C$80:$C$82,0)),INDEX('SCORING MASTER'!$D$84:$D$86,MATCH(AR20,'SCORING MASTER'!$C$84:$C$86,0)),INDEX('SCORING MASTER'!$D$88:$D$90,MATCH(AS20,'SCORING MASTER'!$C$88:$C$90,0)),INDEX('SCORING MASTER'!$D$92:$D$93,MATCH(AT20,'SCORING MASTER'!$C$92:$C$93,0)))*20,0)) | BL20: =IF(COUNTBLANK(BA20:BE20)>0,"",ROUND(AVERAGE(INDEX('SCORING MASTER'!$D$113:$D$115,MATCH(BA20,'SCORING MASTER'!$C$113:$C$115,0)),INDEX('SCORING MASTER'!$D$117:$D$119,MATCH(BB20,'SCORING MASTER'!$C$117:$C$119,0)),INDEX('SCORING MASTER'!$D$121:$D$123,MATCH(BC20,'SCORING MASTER'!$C$121:$C$123,0)),INDEX('SCORING MASTER'!$D$125:$D$126,MATCH(BD20,'SCORING MASTER'!$C$125:$C$126,0)),INDEX('SCORING MASTER'!$D$128:$D$129,MATCH(BE20,'SCORING MASTER'!$C$128:$C$129,0)))*20,0)) | BM20: =IF(OR(BF20="",BG20="",BH20="",BI20="",BJ20="",BK20="",BL20=""),"",ROUND(BF20*0.25+BG20*0.2+BH20*0.15+BI20*0.15+BJ20*0.1+BK20*0.1+BL20*0.05,0)) | BN20: =IF(OR(BF20="",BG20=""),"",ROUND(BF20*0.5+BG20*0.5,0)) | BO20: =IF(BN20="","",ROUND(MIN(100,MAX(0,(100-BN20)+IF(AL20="Yes",15,0)+IF(AM20="Yes",15,0)+IF(AND(U20<>"",U20<18.5),20,0))),0)) | BP20: =IF(BM20="","",IF(BM20>=90,"Green - Healthy",IF(BM20>=75,"Light Green - Mild Watch",IF(BM20>=60,"Yellow - Mild Risk",IF(BM20>=40,"Orange - Moderate Risk","Red - High Risk"))))) | BQ20: =IF(BM20="","",IF(OR(BM20<60,BO20>=60,AJ20="Yes"),"Yes","No")) | BR20: =IF(BM20="","",IF(OR(BP20="Orange - Moderate Risk",BP20="Red - High Risk",BQ20="Yes"),"Yes","No"))
A21: =IF(I21="","","STU"&TEXT(ROW()-3,"000000")) | S21: =IF(OR(Q21="",R21=""),"",ROUND(R21/((Q21/100)^2),1)) | T21: =IF(S21="","",IF(S21<18.5,"Underweight",IF(S21<25,"Normal",IF(S21<30,"Overweight","Obese")))) | BF21: =IF(T21="","",IF(T21="Normal",100,IF(T21="Overweight",65,IF(T21="Obese",50,IF(AND(U21<>"",U21<18.5),30,45))))) | BG21: =IF(COUNTBLANK(W21:AC21)>0,"",ROUND(AVERAGE(INDEX('SCORING MASTER'!$D$5:$D$7,MATCH(W21,'SCORING MASTER'!$C$5:$C$7,0)),INDEX('SCORING MASTER'!$D$9:$D$11,MATCH(X21,'SCORING MASTER'!$C$9:$C$11,0)),INDEX('SCORING MASTER'!$D$13:$D$15,MATCH(Y21,'SCORING MASTER'!$C$13:$C$15,0)),INDEX('SCORING MASTER'!$D$17:$D$19,MATCH(Z21,'SCORING MASTER'!$C$17:$C$19,0)),INDEX('SCORING MASTER'!$D$21:$D$23,MATCH(AA21,'SCORING MASTER'!$C$21:$C$23,0)),INDEX('SCORING MASTER'!$D$25:$D$27,MATCH(AB21,'SCORING MASTER'!$C$25:$C$27,0)),INDEX('SCORING MASTER'!$D$29:$D$31,MATCH(AC21,'SCORING MASTER'!$C$29:$C$31,0)))*20,0)) | BH21: =IF(COUNTBLANK(AD21:AI21)>0,"",ROUND(AVERAGE(INDEX('SCORING MASTER'!$D$33:$D$35,MATCH(AD21,'SCORING MASTER'!$C$33:$C$35,0)),INDEX('SCORING MASTER'!$D$37:$D$39,MATCH(AE21,'SCORING MASTER'!$C$37:$C$39,0)),INDEX('SCORING MASTER'!$D$41:$D$43,MATCH(AF21,'SCORING MASTER'!$C$41:$C$43,0)),INDEX('SCORING MASTER'!$D$45:$D$47,MATCH(AG21,'SCORING MASTER'!$C$45:$C$47,0)),INDEX('SCORING MASTER'!$D$49:$D$52,MATCH(AH21,'SCORING MASTER'!$C$49:$C$52,0)),INDEX('SCORING MASTER'!$D$54:$D$57,MATCH(AI21,'SCORING MASTER'!$C$54:$C$57,0)))*20,0)) | BI21: =IF(COUNTBLANK(AJ21:AP21)>0,"",ROUND(AVERAGE(INDEX('SCORING MASTER'!$D$59:$D$60,MATCH(AJ21,'SCORING MASTER'!$C$59:$C$60,0)),INDEX('SCORING MASTER'!$D$62:$D$63,MATCH(AK21,'SCORING MASTER'!$C$62:$C$63,0)),INDEX('SCORING MASTER'!$D$65:$D$66,MATCH(AL21,'SCORING MASTER'!$C$65:$C$66,0)),INDEX('SCORING MASTER'!$D$68:$D$69,MATCH(AM21,'SCORING MASTER'!$C$68:$C$69,0)),INDEX('SCORING MASTER'!$D$71:$D$72,MATCH(AN21,'SCORING MASTER'!$C$71:$C$72,0)),INDEX('SCORING MASTER'!$D$74:$D$75,MATCH(AO21,'SCORING MASTER'!$C$74:$C$75,0)),INDEX('SCORING MASTER'!$D$77:$D$78,MATCH(AP21,'SCORING MASTER'!$C$77:$C$78,0)))*20,0)) | BJ21: =IF(COUNTBLANK(AU21:AZ21)>0,"",ROUND(AVERAGE(INDEX('SCORING MASTER'!$D$95:$D$96,MATCH(AU21,'SCORING MASTER'!$C$95:$C$96,0)),INDEX('SCORING MASTER'!$D$98:$D$99,MATCH(AV21,'SCORING MASTER'!$C$98:$C$99,0)),INDEX('SCORING MASTER'!$D$101:$D$102,MATCH(AW21,'SCORING MASTER'!$C$101:$C$102,0)),INDEX('SCORING MASTER'!$D$104:$D$105,MATCH(AX21,'SCORING MASTER'!$C$104:$C$105,0)),INDEX('SCORING MASTER'!$D$107:$D$108,MATCH(AY21,'SCORING MASTER'!$C$107:$C$108,0)),INDEX('SCORING MASTER'!$D$110:$D$111,MATCH(AZ21,'SCORING MASTER'!$C$110:$C$111,0)))*20,0)) | BK21: =IF(COUNTBLANK(AQ21:AT21)>0,"",ROUND(AVERAGE(INDEX('SCORING MASTER'!$D$80:$D$82,MATCH(AQ21,'SCORING MASTER'!$C$80:$C$82,0)),INDEX('SCORING MASTER'!$D$84:$D$86,MATCH(AR21,'SCORING MASTER'!$C$84:$C$86,0)),INDEX('SCORING MASTER'!$D$88:$D$90,MATCH(AS21,'SCORING MASTER'!$C$88:$C$90,0)),INDEX('SCORING MASTER'!$D$92:$D$93,MATCH(AT21,'SCORING MASTER'!$C$92:$C$93,0)))*20,0)) | BL21: =IF(COUNTBLANK(BA21:BE21)>0,"",ROUND(AVERAGE(INDEX('SCORING MASTER'!$D$113:$D$115,MATCH(BA21,'SCORING MASTER'!$C$113:$C$115,0)),INDEX('SCORING MASTER'!$D$117:$D$119,MATCH(BB21,'SCORING MASTER'!$C$117:$C$119,0)),INDEX('SCORING MASTER'!$D$121:$D$123,MATCH(BC21,'SCORING MASTER'!$C$121:$C$123,0)),INDEX('SCORING MASTER'!$D$125:$D$126,MATCH(BD21,'SCORING MASTER'!$C$125:$C$126,0)),INDEX('SCORING MASTER'!$D$128:$D$129,MATCH(BE21,'SCORING MASTER'!$C$128:$C$129,0)))*20,0)) | BM21: =IF(OR(BF21="",BG21="",BH21="",BI21="",BJ21="",BK21="",BL21=""),"",ROUND(BF21*0.25+BG21*0.2+BH21*0.15+BI21*0.15+BJ21*0.1+BK21*0.1+BL21*0.05,0)) | BN21: =IF(OR(BF21="",BG21=""),"",ROUND(BF21*0.5+BG21*0.5,0)) | BO21: =IF(BN21="","",ROUND(MIN(100,MAX(0,(100-BN21)+IF(AL21="Yes",15,0)+IF(AM21="Yes",15,0)+IF(AND(U21<>"",U21<18.5),20,0))),0)) | BP21: =IF(BM21="","",IF(BM21>=90,"Green - Healthy",IF(BM21>=75,"Light Green - Mild Watch",IF(BM21>=60,"Yellow - Mild Risk",IF(BM21>=40,"Orange - Moderate Risk","Red - High Risk"))))) | BQ21: =IF(BM21="","",IF(OR(BM21<60,BO21>=60,AJ21="Yes"),"Yes","No")) | BR21: =IF(BM21="","",IF(OR(BP21="Orange - Moderate Risk",BP21="Red - High Risk",BQ21="Yes"),"Yes","No"))
... A303: =IF(I303="","","STU"&TEXT(ROW()-3,"000000")) | S303: =IF(OR(Q303="",R303=""),"",ROUND(R303/((Q303/100)^2),1)) | T303: =IF(S303="","",IF(S303<18.5,"Underweight",IF(S303<25,"Normal",IF(S303<30,"Overweight","Obese")))) | BF303: =IF(T303="","",IF(T303="Normal",100,IF(T303="Overweight",65,IF(T303="Obese",50,IF(AND(U303<>"",U303<18.5),30,45))))) | BG303: =IF(COUNTBLANK(W303:AC303)>0,"",ROUND(AVERAGE(INDEX('SCORING MASTER'!$D$5:$D$7,MATCH(W303,'SCORING MASTER'!$C$5:$C$7,0)),INDEX('SCORING MASTER'!$D$9:$D$11,MATCH(X303,'SCORING MASTER'!$C$9:$C$11,0)),INDEX('SCORING MASTER'!$D$13:$D$15,MATCH(Y303,'SCORING MASTER'!$C$13:$C$15,0)),INDEX('SCORING MASTER'!$D$17:$D$19,MATCH(Z303,'SCORING MASTER'!$C$17:$C$19,0)),INDEX('SCORING MASTER'!$D$21:$D$23,MATCH(AA303,'SCORING MASTER'!$C$21:$C$23,0)),INDEX('SCORING MASTER'!$D$25:$D$27,MATCH(AB303,'SCORING MASTER'!$C$25:$C$27,0)),INDEX('SCORING MASTER'!$D$29:$D$31,MATCH(AC303,'SCORING MASTER'!$C$29:$C$31,0)))*20,0)) | BH303: =IF(COUNTBLANK(AD303:AI303)>0,"",ROUND(AVERAGE(INDEX('SCORING MASTER'!$D$33:$D$35,MATCH(AD303,'SCORING MASTER'!$C$33:$C$35,0)),INDEX('SCORING MASTER'!$D$37:$D$39,MATCH(AE303,'SCORING MASTER'!$C$37:$C$39,0)),INDEX('SCORING MASTER'!$D$41:$D$43,MATCH(AF303,'SCORING MASTER'!$C$41:$C$43,0)),INDEX('SCORING MASTER'!$D$45:$D$47,MATCH(AG303,'SCORING MASTER'!$C$45:$C$47,0)),INDEX('SCORING MASTER'!$D$49:$D$52,MATCH(AH303,'SCORING MASTER'!$C$49:$C$52,0)),INDEX('SCORING MASTER'!$D$54:$D$57,MATCH(AI303,'SCORING MASTER'!$C$54:$C$57,0)))*20,0)) | BI303: =IF(COUNTBLANK(AJ303:AP303)>0,"",ROUND(AVERAGE(INDEX('SCORING MASTER'!$D$59:$D$60,MATCH(AJ303,'SCORING MASTER'!$C$59:$C$60,0)),INDEX('SCORING MASTER'!$D$62:$D$63,MATCH(AK303,'SCORING MASTER'!$C$62:$C$63,0)),INDEX('SCORING MASTER'!$D$65:$D$66,MATCH(AL303,'SCORING MASTER'!$C$65:$C$66,0)),INDEX('SCORING MASTER'!$D$68:$D$69,MATCH(AM303,'SCORING MASTER'!$C$68:$C$69,0)),INDEX('SCORING MASTER'!$D$71:$D$72,MATCH(AN303,'SCORING MASTER'!$C$71:$C$72,0)),INDEX('SCORING MASTER'!$D$74:$D$75,MATCH(AO303,'SCORING MASTER'!$C$74:$C$75,0)),INDEX('SCORING MASTER'!$D$77:$D$78,MATCH(AP303,'SCORING MASTER'!$C$77:$C$78,0)))*20,0)) | BJ303: =IF(COUNTBLANK(AU303:AZ303)>0,"",ROUND(AVERAGE(INDEX('SCORING MASTER'!$D$95:$D$96,MATCH(AU303,'SCORING MASTER'!$C$95:$C$96,0)),INDEX('SCORING MASTER'!$D$98:$D$99,MATCH(AV303,'SCORING MASTER'!$C$98:$C$99,0)),INDEX('SCORING MASTER'!$D$101:$D$102,MATCH(AW303,'SCORING MASTER'!$C$101:$C$102,0)),INDEX('SCORING MASTER'!$D$104:$D$105,MATCH(AX303,'SCORING MASTER'!$C$104:$C$105,0)),INDEX('SCORING MASTER'!$D$107:$D$108,MATCH(AY303,'SCORING MASTER'!$C$107:$C$108,0)),INDEX('SCORING MASTER'!$D$110:$D$111,MATCH(AZ303,'SCORING MASTER'!$C$110:$C$111,0)))*20,0)) | BK303: =IF(COUNTBLANK(AQ303:AT303)>0,"",ROUND(AVERAGE(INDEX('SCORING MASTER'!$D$80:$D$82,MATCH(AQ303,'SCORING MASTER'!$C$80:$C$82,0)),INDEX('SCORING MASTER'!$D$84:$D$86,MATCH(AR303,'SCORING MASTER'!$C$84:$C$86,0)),INDEX('SCORING MASTER'!$D$88:$D$90,MATCH(AS303,'SCORING MASTER'!$C$88:$C$90,0)),INDEX('SCORING MASTER'!$D$92:$D$93,MATCH(AT303,'SCORING MASTER'!$C$92:$C$93,0)))*20,0)) | BL303: =IF(COUNTBLANK(BA303:BE303)>0,"",ROUND(AVERAGE(INDEX('SCORING MASTER'!$D$113:$D$115,MATCH(BA303,'SCORING MASTER'!$C$113:$C$115,0)),INDEX('SCORING MASTER'!$D$117:$D$119,MATCH(BB303,'SCORING MASTER'!$C$117:$C$119,0)),INDEX('SCORING MASTER'!$D$121:$D$123,MATCH(BC303,'SCORING MASTER'!$C$121:$C$123,0)),INDEX('SCORING MASTER'!$D$125:$D$126,MATCH(BD303,'SCORING MASTER'!$C$125:$C$126,0)),INDEX('SCORING MASTER'!$D$128:$D$129,MATCH(BE303,'SCORING MASTER'!$C$128:$C$129,0)))*20,0)) | BM303: =IF(OR(BF303="",BG303="",BH303="",BI303="",BJ303="",BK303="",BL303=""),"",ROUND(BF303*0.25+BG303*0.2+BH303*0.15+BI303*0.15+BJ303*0.1+BK303*0.1+BL303*0.05,0)) | BN303: =IF(OR(BF303="",BG303=""),"",ROUND(BF303*0.5+BG303*0.5,0)) | BO303: =IF(BN303="","",ROUND(MIN(100,MAX(0,(100-BN303)+IF(AL303="Yes",15,0)+IF(AM303="Yes",15,0)+IF(AND(U303<>"",U303<18.5),20,0))),0)) | BP303: =IF(BM303="","",IF(BM303>=90,"Green - Healthy",IF(BM303>=75,"Light Green - Mild Watch",IF(BM303>=60,"Yellow - Mild Risk",IF(BM303>=40,"Orange - Moderate Risk","Red - High Risk"))))) | BQ303: =IF(BM303="","",IF(OR(BM303<60,BO303>=60,AJ303="Yes"),"Yes","No")) | BR303: =IF(BM303="","",IF(OR(BP303="Orange - Moderate Risk",BP303="Red - High Risk",BQ303="Yes"),"Yes","No"))

Sheet DOCTOR ASSESSMENT
A1: DOCTOR ASSESSMENT | Clinical Review & Referral Decisions
A2: Auto-pulled from STUDENT SCREENING (read-only) | P2: Doctor enters manually
A3: Student ID | B3: Student Name | C3: Class | D3: Division | E3: School Name | F3: Age | G3: Gender | H3: BMI | I3: BMI Category | J3: Overall Health Score | K3: Nutrition Score | L3: Undernutrition Risk Score | M3: Risk Category | N3: Need Referral | O3: Need Doctor Review | P3: Diagnosis | Q3: Clinical Advice | R3: Referral Needed | S3: Referral Type | T3: Lab Tests Needed | U3: Nutrition Counselling Needed | V3: Follow-up Needed | W3: Follow-up Date | X3: Doctor Name / Signature
A4: =IF('STUDENT SCREENING'!A4="","",'STUDENT SCREENING'!A4) -> STU000001 | B4: =IF('STUDENT SCREENING'!I4="","",'STUDENT SCREENING'!I4) -> Aarav Shah | C4: =IF('STUDENT SCREENING'!F4="","",'STUDENT SCREENING'!F4) -> 8 | D4: =IF('STUDENT SCREENING'!G4="","",'STUDENT SCREENING'!G4) -> A | E4: =IF('STUDENT SCREENING'!C4="","",'STUDENT SCREENING'!C4) -> Greenwood High | F4: =IF('STUDENT SCREENING'!J4="","",'STUDENT SCREENING'!J4) -> 13 | G4: =IF('STUDENT SCREENING'!K4="","",'STUDENT SCREENING'!K4) -> Male | H4: =IF('STUDENT SCREENING'!S4="","",'STUDENT SCREENING'!S4) -> 18.7 | I4: =IF('STUDENT SCREENING'!T4="","",'STUDENT SCREENING'!T4) -> Normal | J4: =IF('STUDENT SCREENING'!BM4="","",'STUDENT SCREENING'!BM4) -> 100 | K4: =IF('STUDENT SCREENING'!BN4="","",'STUDENT SCREENING'!BN4) -> 100 | L4: =IF('STUDENT SCREENING'!BO4="","",'STUDENT SCREENING'!BO4) -> 0 | M4: =IF('STUDENT SCREENING'!BP4="","",'STUDENT SCREENING'!BP4) -> Green - Healthy | N4: =IF('STUDENT SCREENING'!BQ4="","",'STUDENT SCREENING'!BQ4) -> No | O4: =IF('STUDENT SCREENING'!BR4="","",'STUDENT SCREENING'!BR4) -> No
A5: =IF('STUDENT SCREENING'!A5="","",'STUDENT SCREENING'!A5) -> STU000002 | B5: =IF('STUDENT SCREENING'!I5="","",'STUDENT SCREENING'!I5) -> Priya Kadam | C5: =IF('STUDENT SCREENING'!F5="","",'STUDENT SCREENING'!F5) -> 6 | D5: =IF('STUDENT SCREENING'!G5="","",'STUDENT SCREENING'!G5) -> B | E5: =IF('STUDENT SCREENING'!C5="","",'STUDENT SCREENING'!C5) -> Greenwood High | F5: =IF('STUDENT SCREENING'!J5="","",'STUDENT SCREENING'!J5) -> 11 | G5: =IF('STUDENT SCREENING'!K5="","",'STUDENT SCREENING'!K5) -> Female | H5: =IF('STUDENT SCREENING'!S5="","",'STUDENT SCREENING'!S5) -> 12.8 | I5: =IF('STUDENT SCREENING'!T5="","",'STUDENT SCREENING'!T5) -> Underweight | J5: =IF('STUDENT SCREENING'!BM5="","",'STUDENT SCREENING'!BM5) -> 23 | K5: =IF('STUDENT SCREENING'!BN5="","",'STUDENT SCREENING'!BN5) -> 15 | L5: =IF('STUDENT SCREENING'!BO5="","",'STUDENT SCREENING'!BO5) -> 100 | M5: =IF('STUDENT SCREENING'!BP5="","",'STUDENT SCREENING'!BP5) -> Red - High Risk | N5: =IF('STUDENT SCREENING'!BQ5="","",'STUDENT SCREENING'!BQ5) -> Yes | O5: =IF('STUDENT SCREENING'!BR5="","",'STUDENT SCREENING'!BR5) -> Yes | P5: Undernutrition with suspected iron-deficiency anaemia | Q5: Refer to paediatrician; start iron & multivitamin supplementation; nutrition counselling for family | R5: Yes | S5: Paediatrician | T5: Yes | U5: Yes | V5: Yes | W5: 46235 | X5: Dr. Meera Nair
A6: =IF('STUDENT SCREENING'!A6="","",'STUDENT SCREENING'!A6) -> STU000003 | B6: =IF('STUDENT SCREENING'!I6="","",'STUDENT SCREENING'!I6) -> Rohan Deshmukh | C6: =IF('STUDENT SCREENING'!F6="","",'STUDENT SCREENING'!F6) -> UG-2 | D6: =IF('STUDENT SCREENING'!G6="","",'STUDENT SCREENING'!G6) -> C | E6: =IF('STUDENT SCREENING'!C6="","",'STUDENT SCREENING'!C6) -> St. Xavier's College | F6: =IF('STUDENT SCREENING'!J6="","",'STUDENT SCREENING'!J6) -> 19 | G6: =IF('STUDENT SCREENING'!K6="","",'STUDENT SCREENING'!K6) -> Male | H6: =IF('STUDENT SCREENING'!S6="","",'STUDENT SCREENING'!S6) -> 29.7 | I6: =IF('STUDENT SCREENING'!T6="","",'STUDENT SCREENING'!T6) -> Overweight | J6: =IF('STUDENT SCREENING'!BM6="","",'STUDENT SCREENING'!BM6) -> 61 | K6: =IF('STUDENT SCREENING'!BN6="","",'STUDENT SCREENING'!BN6) -> 66 | L6: =IF('STUDENT SCREENING'!BO6="","",'STUDENT SCREENING'!BO6) -> 34 | M6: =IF('STUDENT SCREENING'!BP6="","",'STUDENT SCREENING'!BP6) -> Yellow - Mild Risk | N6: =IF('STUDENT SCREENING'!BQ6="","",'STUDENT SCREENING'!BQ6) -> No | O6: =IF('STUDENT SCREENING'!BR6="","",'STUDENT SCREENING'!BR6) -> No | P6: Overweight with high screen time and stress; early dental caries | Q6: Lifestyle counselling on screen time, sleep and physical activity; dental referral | R6: Yes | S6: Dentist | T6: No | U6: Yes | V6: Yes | W6: 46249 | X6: Dr. Meera Nair
A7: =IF('STUDENT SCREENING'!A7="","",'STUDENT SCREENING'!A7) -> STU000004 | B7: =IF('STUDENT SCREENING'!I7="","",'STUDENT SCREENING'!I7) -> Sneha Iyer | C7: =IF('STUDENT SCREENING'!F7="","",'STUDENT SCREENING'!F7) -> UG-1 | D7: =IF('STUDENT SCREENING'!G7="","",'STUDENT SCREENING'!G7) -> A | E7: =IF('STUDENT SCREENING'!C7="","",'STUDENT SCREENING'!C7) -> St. Xavier's College | F7: =IF('STUDENT SCREENING'!J7="","",'STUDENT SCREENING'!J7) -> 18 | G7: =IF('STUDENT SCREENING'!K7="","",'STUDENT SCREENING'!K7) -> Female | H7: =IF('STUDENT SCREENING'!S7="","",'STUDENT SCREENING'!S7) -> 21.1 | I7: =IF('STUDENT SCREENING'!T7="","",'STUDENT SCREENING'!T7) -> Normal | J7: =IF('STUDENT SCREENING'!BM7="","",'STUDENT SCREENING'!BM7) -> 88 | K7: =IF('STUDENT SCREENING'!BN7="","",'STUDENT SCREENING'!BN7) -> 89 | L7: =IF('STUDENT SCREENING'!BO7="","",'STUDENT SCREENING'!BO7) -> 11 | M7: =IF('STUDENT SCREENING'!BP7="","",'STUDENT SCREENING'!BP7) -> Light Green - Mild Watch | N7: =IF('STUDENT SCREENING'!BQ7="","",'STUDENT SCREENING'!BQ7) -> No | O7: =IF('STUDENT SCREENING'!BR7="","",'STUDENT SCREENING'!BR7) -> No
A8: =IF('STUDENT SCREENING'!A8="","",'STUDENT SCREENING'!A8) -> STU000005 | B8: =IF('STUDENT SCREENING'!I8="","",'STUDENT SCREENING'!I8) -> Kabir Mehta | C8: =IF('STUDENT SCREENING'!F8="","",'STUDENT SCREENING'!F8) -> 10 | D8: =IF('STUDENT SCREENING'!G8="","",'STUDENT SCREENING'!G8) -> A | E8: =IF('STUDENT SCREENING'!C8="","",'STUDENT SCREENING'!C8) -> Delhi Public School | F8: =IF('STUDENT SCREENING'!J8="","",'STUDENT SCREENING'!J8) -> 15 | G8: =IF('STUDENT SCREENING'!K8="","",'STUDENT SCREENING'!K8) -> Male | H8: =IF('STUDENT SCREENING'!S8="","",'STUDENT SCREENING'!S8) -> 27.1 | I8: =IF('STUDENT SCREENING'!T8="","",'STUDENT SCREENING'!T8) -> Overweight | J8: =IF('STUDENT SCREENING'!BM8="","",'STUDENT SCREENING'!BM8) -> 54 | K8: =IF('STUDENT SCREENING'!BN8="","",'STUDENT SCREENING'!BN8) -> 48 | L8: =IF('STUDENT SCREENING'!BO8="","",'STUDENT SCREENING'!BO8) -> 52 | M8: =IF('STUDENT SCREENING'!BP8="","",'STUDENT SCREENING'!BP8) -> Orange - Moderate Risk | N8: =IF('STUDENT SCREENING'!BQ8="","",'STUDENT SCREENING'!BQ8) -> Yes | O8: =IF('STUDENT SCREENING'!BR8="","",'STUDENT SCREENING'!BR8) -> Yes | P8: Overweight; poor dental hygiene; high stress | Q8: Dietary counselling to reduce junk food and sugary drinks; dental check-up | R8: Yes | S8: Nutritionist | T8: No | U8: Yes | V8: Yes | W8: 46244 | X8: Dr. Meera Nair
A9: =IF('STUDENT SCREENING'!A9="","",'STUDENT SCREENING'!A9) -> STU000006 | B9: =IF('STUDENT SCREENING'!I9="","",'STUDENT SCREENING'!I9) -> Ananya Verma | C9: =IF('STUDENT SCREENING'!F9="","",'STUDENT SCREENING'!F9) -> 9 | D9: =IF('STUDENT SCREENING'!G9="","",'STUDENT SCREENING'!G9) -> B | E9: =IF('STUDENT SCREENING'!C9="","",'STUDENT SCREENING'!C9) -> Delhi Public School | F9: =IF('STUDENT SCREENING'!J9="","",'STUDENT SCREENING'!J9) -> 14 | G9: =IF('STUDENT SCREENING'!K9="","",'STUDENT SCREENING'!K9) -> Female | H9: =IF('STUDENT SCREENING'!S9="","",'STUDENT SCREENING'!S9) -> 16.9 | I9: =IF('STUDENT SCREENING'!T9="","",'STUDENT SCREENING'!T9) -> Underweight | J9: =IF('STUDENT SCREENING'!BM9="","",'STUDENT SCREENING'!BM9) -> 82 | K9: =IF('STUDENT SCREENING'!BN9="","",'STUDENT SCREENING'!BN9) -> 64 | L9: =IF('STUDENT SCREENING'!BO9="","",'STUDENT SCREENING'!BO9) -> 36 | M9: =IF('STUDENT SCREENING'!BP9="","",'STUDENT SCREENING'!BP9) -> Light Green - Mild Watch | N9: =IF('STUDENT SCREENING'!BQ9="","",'STUDENT SCREENING'!BQ9) -> No | O9: =IF('STUDENT SCREENING'!BR9="","",'STUDENT SCREENING'!BR9) -> No
A10: =IF('STUDENT SCREENING'!A10="","",'STUDENT SCREENING'!A10) | B10: =IF('STUDENT SCREENING'!I10="","",'STUDENT SCREENING'!I10) | C10: =IF('STUDENT SCREENING'!F10="","",'STUDENT SCREENING'!F10) | D10: =IF('STUDENT SCREENING'!G10="","",'STUDENT SCREENING'!G10) | E10: =IF('STUDENT SCREENING'!C10="","",'STUDENT SCREENING'!C10) | F10: =IF('STUDENT SCREENING'!J10="","",'STUDENT SCREENING'!J10) | G10: =IF('STUDENT SCREENING'!K10="","",'STUDENT SCREENING'!K10) | H10: =IF('STUDENT SCREENING'!S10="","",'STUDENT SCREENING'!S10) | I10: =IF('STUDENT SCREENING'!T10="","",'STUDENT SCREENING'!T10) | J10: =IF('STUDENT SCREENING'!BM10="","",'STUDENT SCREENING'!BM10) | K10: =IF('STUDENT SCREENING'!BN10="","",'STUDENT SCREENING'!BN10) | L10: =IF('STUDENT SCREENING'!BO10="","",'STUDENT SCREENING'!BO10) | M10: =IF('STUDENT SCREENING'!BP10="","",'STUDENT SCREENING'!BP10) | N10: =IF('STUDENT SCREENING'!BQ10="","",'STUDENT SCREENING'!BQ10) | O10: =IF('STUDENT SCREENING'!BR10="","",'STUDENT SCREENING'!BR10)
A11: =IF('STUDENT SCREENING'!A11="","",'STUDENT SCREENING'!A11) | B11: =IF('STUDENT SCREENING'!I11="","",'STUDENT SCREENING'!I11) | C11: =IF('STUDENT SCREENING'!F11="","",'STUDENT SCREENING'!F11) | D11: =IF('STUDENT SCREENING'!G11="","",'STUDENT SCREENING'!G11) | E11: =IF('STUDENT SCREENING'!C11="","",'STUDENT SCREENING'!C11) | F11: =IF('STUDENT SCREENING'!J11="","",'STUDENT SCREENING'!J11) | G11: =IF('STUDENT SCREENING'!K11="","",'STUDENT SCREENING'!K11) | H11: =IF('STUDENT SCREENING'!S11="","",'STUDENT SCREENING'!S11) | I11: =IF('STUDENT SCREENING'!T11="","",'STUDENT SCREENING'!T11) | J11: =IF('STUDENT SCREENING'!BM11="","",'STUDENT SCREENING'!BM11) | K11: =IF('STUDENT SCREENING'!BN11="","",'STUDENT SCREENING'!BN11) | L11: =IF('STUDENT SCREENING'!BO11="","",'STUDENT SCREENING'!BO11) | M11: =IF('STUDENT SCREENING'!BP11="","",'STUDENT SCREENING'!BP11) | N11: =IF('STUDENT SCREENING'!BQ11="","",'STUDENT SCREENING'!BQ11) | O11: =IF('STUDENT SCREENING'!BR11="","",'STUDENT SCREENING'!BR11)
A12: =IF('STUDENT SCREENING'!A12="","",'STUDENT SCREENING'!A12) | B12: =IF('STUDENT SCREENING'!I12="","",'STUDENT SCREENING'!I12) | C12: =IF('STUDENT SCREENING'!F12="","",'STUDENT SCREENING'!F12) | D12: =IF('STUDENT SCREENING'!G12="","",'STUDENT SCREENING'!G12) | E12: =IF('STUDENT SCREENING'!C12="","",'STUDENT SCREENING'!C12) | F12: =IF('STUDENT SCREENING'!J12="","",'STUDENT SCREENING'!J12) | G12: =IF('STUDENT SCREENING'!K12="","",'STUDENT SCREENING'!K12) | H12: =IF('STUDENT SCREENING'!S12="","",'STUDENT SCREENING'!S12) | I12: =IF('STUDENT SCREENING'!T12="","",'STUDENT SCREENING'!T12) | J12: =IF('STUDENT SCREENING'!BM12="","",'STUDENT SCREENING'!BM12) | K12: =IF('STUDENT SCREENING'!BN12="","",'STUDENT SCREENING'!BN12) | L12: =IF('STUDENT SCREENING'!BO12="","",'STUDENT SCREENING'!BO12) | M12: =IF('STUDENT SCREENING'!BP12="","",'STUDENT SCREENING'!BP12) | N12: =IF('STUDENT SCREENING'!BQ12="","",'STUDENT SCREENING'!BQ12) | O12: =IF('STUDENT SCREENING'!BR12="","",'STUDENT SCREENING'!BR12)
A13: =IF('STUDENT SCREENING'!A13="","",'STUDENT SCREENING'!A13) | B13: =IF('STUDENT SCREENING'!I13="","",'STUDENT SCREENING'!I13) | C13: =IF('STUDENT SCREENING'!F13="","",'STUDENT SCREENING'!F13) | D13: =IF('STUDENT SCREENING'!G13="","",'STUDENT SCREENING'!G13) | E13: =IF('STUDENT SCREENING'!C13="","",'STUDENT SCREENING'!C13) | F13: =IF('STUDENT SCREENING'!J13="","",'STUDENT SCREENING'!J13) | G13: =IF('STUDENT SCREENING'!K13="","",'STUDENT SCREENING'!K13) | H13: =IF('STUDENT SCREENING'!S13="","",'STUDENT SCREENING'!S13) | I13: =IF('STUDENT SCREENING'!T13="","",'STUDENT SCREENING'!T13) | J13: =IF('STUDENT SCREENING'!BM13="","",'STUDENT SCREENING'!BM13) | K13: =IF('STUDENT SCREENING'!BN13="","",'STUDENT SCREENING'!BN13) | L13: =IF('STUDENT SCREENING'!BO13="","",'STUDENT SCREENING'!BO13) | M13: =IF('STUDENT SCREENING'!BP13="","",'STUDENT SCREENING'!BP13) | N13: =IF('STUDENT SCREENING'!BQ13="","",'STUDENT SCREENING'!BQ13) | O13: =IF('STUDENT SCREENING'!BR13="","",'STUDENT SCREENING'!BR13)
A14: =IF('STUDENT SCREENING'!A14="","",'STUDENT SCREENING'!A14) | B14: =IF('STUDENT SCREENING'!I14="","",'STUDENT SCREENING'!I14) | C14: =IF('STUDENT SCREENING'!F14="","",'STUDENT SCREENING'!F14) | D14: =IF('STUDENT SCREENING'!G14="","",'STUDENT SCREENING'!G14) | E14: =IF('STUDENT SCREENING'!C14="","",'STUDENT SCREENING'!C14) | F14: =IF('STUDENT SCREENING'!J14="","",'STUDENT SCREENING'!J14) | G14: =IF('STUDENT SCREENING'!K14="","",'STUDENT SCREENING'!K14) | H14: =IF('STUDENT SCREENING'!S14="","",'STUDENT SCREENING'!S14) | I14: =IF('STUDENT SCREENING'!T14="","",'STUDENT SCREENING'!T14) | J14: =IF('STUDENT SCREENING'!BM14="","",'STUDENT SCREENING'!BM14) | K14: =IF('STUDENT SCREENING'!BN14="","",'STUDENT SCREENING'!BN14) | L14: =IF('STUDENT SCREENING'!BO14="","",'STUDENT SCREENING'!BO14) | M14: =IF('STUDENT SCREENING'!BP14="","",'STUDENT SCREENING'!BP14) | N14: =IF('STUDENT SCREENING'!BQ14="","",'STUDENT SCREENING'!BQ14) | O14: =IF('STUDENT SCREENING'!BR14="","",'STUDENT SCREENING'!BR14)
A15: =IF('STUDENT SCREENING'!A15="","",'STUDENT SCREENING'!A15) | B15: =IF('STUDENT SCREENING'!I15="","",'STUDENT SCREENING'!I15) | C15: =IF('STUDENT SCREENING'!F15="","",'STUDENT SCREENING'!F15) | D15: =IF('STUDENT SCREENING'!G15="","",'STUDENT SCREENING'!G15) | E15: =IF('STUDENT SCREENING'!C15="","",'STUDENT SCREENING'!C15) | F15: =IF('STUDENT SCREENING'!J15="","",'STUDENT SCREENING'!J15) | G15: =IF('STUDENT SCREENING'!K15="","",'STUDENT SCREENING'!K15) | H15: =IF('STUDENT SCREENING'!S15="","",'STUDENT SCREENING'!S15) | I15: =IF('STUDENT SCREENING'!T15="","",'STUDENT SCREENING'!T15) | J15: =IF('STUDENT SCREENING'!BM15="","",'STUDENT SCREENING'!BM15) | K15: =IF('STUDENT SCREENING'!BN15="","",'STUDENT SCREENING'!BN15) | L15: =IF('STUDENT SCREENING'!BO15="","",'STUDENT SCREENING'!BO15) | M15: =IF('STUDENT SCREENING'!BP15="","",'STUDENT SCREENING'!BP15) | N15: =IF('STUDENT SCREENING'!BQ15="","",'STUDENT SCREENING'!BQ15) | O15: =IF('STUDENT SCREENING'!BR15="","",'STUDENT SCREENING'!BR15)
A16: =IF('STUDENT SCREENING'!A16="","",'STUDENT SCREENING'!A16) | B16: =IF('STUDENT SCREENING'!I16="","",'STUDENT SCREENING'!I16) | C16: =IF('STUDENT SCREENING'!F16="","",'STUDENT SCREENING'!F16) | D16: =IF('STUDENT SCREENING'!G16="","",'STUDENT SCREENING'!G16) | E16: =IF('STUDENT SCREENING'!C16="","",'STUDENT SCREENING'!C16) | F16: =IF('STUDENT SCREENING'!J16="","",'STUDENT SCREENING'!J16) | G16: =IF('STUDENT SCREENING'!K16="","",'STUDENT SCREENING'!K16) | H16: =IF('STUDENT SCREENING'!S16="","",'STUDENT SCREENING'!S16) | I16: =IF('STUDENT SCREENING'!T16="","",'STUDENT SCREENING'!T16) | J16: =IF('STUDENT SCREENING'!BM16="","",'STUDENT SCREENING'!BM16) | K16: =IF('STUDENT SCREENING'!BN16="","",'STUDENT SCREENING'!BN16) | L16: =IF('STUDENT SCREENING'!BO16="","",'STUDENT SCREENING'!BO16) | M16: =IF('STUDENT SCREENING'!BP16="","",'STUDENT SCREENING'!BP16) | N16: =IF('STUDENT SCREENING'!BQ16="","",'STUDENT SCREENING'!BQ16) | O16: =IF('STUDENT SCREENING'!BR16="","",'STUDENT SCREENING'!BR16)
A17: =IF('STUDENT SCREENING'!A17="","",'STUDENT SCREENING'!A17) | B17: =IF('STUDENT SCREENING'!I17="","",'STUDENT SCREENING'!I17) | C17: =IF('STUDENT SCREENING'!F17="","",'STUDENT SCREENING'!F17) | D17: =IF('STUDENT SCREENING'!G17="","",'STUDENT SCREENING'!G17) | E17: =IF('STUDENT SCREENING'!C17="","",'STUDENT SCREENING'!C17) | F17: =IF('STUDENT SCREENING'!J17="","",'STUDENT SCREENING'!J17) | G17: =IF('STUDENT SCREENING'!K17="","",'STUDENT SCREENING'!K17) | H17: =IF('STUDENT SCREENING'!S17="","",'STUDENT SCREENING'!S17) | I17: =IF('STUDENT SCREENING'!T17="","",'STUDENT SCREENING'!T17) | J17: =IF('STUDENT SCREENING'!BM17="","",'STUDENT SCREENING'!BM17) | K17: =IF('STUDENT SCREENING'!BN17="","",'STUDENT SCREENING'!BN17) | L17: =IF('STUDENT SCREENING'!BO17="","",'STUDENT SCREENING'!BO17) | M17: =IF('STUDENT SCREENING'!BP17="","",'STUDENT SCREENING'!BP17) | N17: =IF('STUDENT SCREENING'!BQ17="","",'STUDENT SCREENING'!BQ17) | O17: =IF('STUDENT SCREENING'!BR17="","",'STUDENT SCREENING'!BR17)
A18: =IF('STUDENT SCREENING'!A18="","",'STUDENT SCREENING'!A18) | B18: =IF('STUDENT SCREENING'!I18="","",'STUDENT SCREENING'!I18) | C18: =IF('STUDENT SCREENING'!F18="","",'STUDENT SCREENING'!F18) | D18: =IF('STUDENT SCREENING'!G18="","",'STUDENT SCREENING'!G18) | E18: =IF('STUDENT SCREENING'!C18="","",'STUDENT SCREENING'!C18) | F18: =IF('STUDENT SCREENING'!J18="","",'STUDENT SCREENING'!J18) | G18: =IF('STUDENT SCREENING'!K18="","",'STUDENT SCREENING'!K18) | H18: =IF('STUDENT SCREENING'!S18="","",'STUDENT SCREENING'!S18) | I18: =IF('STUDENT SCREENING'!T18="","",'STUDENT SCREENING'!T18) | J18: =IF('STUDENT SCREENING'!BM18="","",'STUDENT SCREENING'!BM18) | K18: =IF('STUDENT SCREENING'!BN18="","",'STUDENT SCREENING'!BN18) | L18: =IF('STUDENT SCREENING'!BO18="","",'STUDENT SCREENING'!BO18) | M18: =IF('STUDENT SCREENING'!BP18="","",'STUDENT SCREENING'!BP18) | N18: =IF('STUDENT SCREENING'!BQ18="","",'STUDENT SCREENING'!BQ18) | O18: =IF('STUDENT SCREENING'!BR18="","",'STUDENT SCREENING'!BR18)
A19: =IF('STUDENT SCREENING'!A19="","",'STUDENT SCREENING'!A19) | B19: =IF('STUDENT SCREENING'!I19="","",'STUDENT SCREENING'!I19) | C19: =IF('STUDENT SCREENING'!F19="","",'STUDENT SCREENING'!F19) | D19: =IF('STUDENT SCREENING'!G19="","",'STUDENT SCREENING'!G19) | E19: =IF('STUDENT SCREENING'!C19="","",'STUDENT SCREENING'!C19) | F19: =IF('STUDENT SCREENING'!J19="","",'STUDENT SCREENING'!J19) | G19: =IF('STUDENT SCREENING'!K19="","",'STUDENT SCREENING'!K19) | H19: =IF('STUDENT SCREENING'!S19="","",'STUDENT SCREENING'!S19) | I19: =IF('STUDENT SCREENING'!T19="","",'STUDENT SCREENING'!T19) | J19: =IF('STUDENT SCREENING'!BM19="","",'STUDENT SCREENING'!BM19) | K19: =IF('STUDENT SCREENING'!BN19="","",'STUDENT SCREENING'!BN19) | L19: =IF('STUDENT SCREENING'!BO19="","",'STUDENT SCREENING'!BO19) | M19: =IF('STUDENT SCREENING'!BP19="","",'STUDENT SCREENING'!BP19) | N19: =IF('STUDENT SCREENING'!BQ19="","",'STUDENT SCREENING'!BQ19) | O19: =IF('STUDENT SCREENING'!BR19="","",'STUDENT SCREENING'!BR19)
A20: =IF('STUDENT SCREENING'!A20="","",'STUDENT SCREENING'!A20) | B20: =IF('STUDENT SCREENING'!I20="","",'STUDENT SCREENING'!I20) | C20: =IF('STUDENT SCREENING'!F20="","",'STUDENT SCREENING'!F20) | D20: =IF('STUDENT SCREENING'!G20="","",'STUDENT SCREENING'!G20) | E20: =IF('STUDENT SCREENING'!C20="","",'STUDENT SCREENING'!C20) | F20: =IF('STUDENT SCREENING'!J20="","",'STUDENT SCREENING'!J20) | G20: =IF('STUDENT SCREENING'!K20="","",'STUDENT SCREENING'!K20) | H20: =IF('STUDENT SCREENING'!S20="","",'STUDENT SCREENING'!S20) | I20: =IF('STUDENT SCREENING'!T20="","",'STUDENT SCREENING'!T20) | J20: =IF('STUDENT SCREENING'!BM20="","",'STUDENT SCREENING'!BM20) | K20: =IF('STUDENT SCREENING'!BN20="","",'STUDENT SCREENING'!BN20) | L20: =IF('STUDENT SCREENING'!BO20="","",'STUDENT SCREENING'!BO20) | M20: =IF('STUDENT SCREENING'!BP20="","",'STUDENT SCREENING'!BP20) | N20: =IF('STUDENT SCREENING'!BQ20="","",'STUDENT SCREENING'!BQ20) | O20: =IF('STUDENT SCREENING'!BR20="","",'STUDENT SCREENING'!BR20)
... A303: =IF('STUDENT SCREENING'!A303="","",'STUDENT SCREENING'!A303) | B303: =IF('STUDENT SCREENING'!I303="","",'STUDENT SCREENING'!I303) | C303: =IF('STUDENT SCREENING'!F303="","",'STUDENT SCREENING'!F303) | D303: =IF('STUDENT SCREENING'!G303="","",'STUDENT SCREENING'!G303) | E303: =IF('STUDENT SCREENING'!C303="","",'STUDENT SCREENING'!C303) | F303: =IF('STUDENT SCREENING'!J303="","",'STUDENT SCREENING'!J303) | G303: =IF('STUDENT SCREENING'!K303="","",'STUDENT SCREENING'!K303) | H303: =IF('STUDENT SCREENING'!S303="","",'STUDENT SCREENING'!S303) | I303: =IF('STUDENT SCREENING'!T303="","",'STUDENT SCREENING'!T303) | J303: =IF('STUDENT SCREENING'!BM303="","",'STUDENT SCREENING'!BM303) | K303: =IF('STUDENT SCREENING'!BN303="","",'STUDENT SCREENING'!BN303) | L303: =IF('STUDENT SCREENING'!BO303="","",'STUDENT SCREENING'!BO303) | M303: =IF('STUDENT SCREENING'!BP303="","",'STUDENT SCREENING'!BP303) | N303: =IF('STUDENT SCREENING'!BQ303="","",'STUDENT SCREENING'!BQ303) | O303: =IF('STUDENT SCREENING'!BR303="","",'STUDENT SCREENING'!BR303)

Sheet PARENT REPORT
A1: STUDENT HEALTH REPORT
A2: Wish2Care SAFE Programme | Confidential - For Parent / Guardian
B4: Enter Student ID: | C4: STU000002
B6: STUDENT DETAILS
B7: Student Name | C7: =IF($C$4="","",IFERROR(INDEX('STUDENT SCREENING'!$I$4:$I$303,MATCH($C$4,'STUDENT SCREENING'!$A$4:$A$303,0)),"Not found")) -> Priya Kadam | D7: Screening Date | E7: =IF($C$4="","",IFERROR(INDEX('STUDENT SCREENING'!$B$4:$B$303,MATCH($C$4,'STUDENT SCREENING'!$A$4:$A$303,0)),"Not found")) -> 46204
B8: Class | C8: =IF($C$4="","",IFERROR(INDEX('STUDENT SCREENING'!$F$4:$F$303,MATCH($C$4,'STUDENT SCREENING'!$A$4:$A$303,0)),"Not found")) -> 6 | D8: Height (cm) | E8: =IF($C$4="","",IFERROR(INDEX('STUDENT SCREENING'!$Q$4:$Q$303,MATCH($C$4,'STUDENT SCREENING'!$A$4:$A$303,0)),"Not found")) -> 128
B9: Division | C9: =IF($C$4="","",IFERROR(INDEX('STUDENT SCREENING'!$G$4:$G$303,MATCH($C$4,'STUDENT SCREENING'!$A$4:$A$303,0)),"Not found")) -> B | D9: Weight (kg) | E9: =IF($C$4="","",IFERROR(INDEX('STUDENT SCREENING'!$R$4:$R$303,MATCH($C$4,'STUDENT SCREENING'!$A$4:$A$303,0)),"Not found")) -> 21
B10: School | C10: =IF($C$4="","",IFERROR(INDEX('STUDENT SCREENING'!$C$4:$C$303,MATCH($C$4,'STUDENT SCREENING'!$A$4:$A$303,0)),"Not found")) -> Greenwood High | D10: BMI | E10: =IF($C$4="","",IFERROR(INDEX('STUDENT SCREENING'!$S$4:$S$303,MATCH($C$4,'STUDENT SCREENING'!$A$4:$A$303,0)),"Not found")) -> 12.8
B11: Age | C11: =IF($C$4="","",IFERROR(INDEX('STUDENT SCREENING'!$J$4:$J$303,MATCH($C$4,'STUDENT SCREENING'!$A$4:$A$303,0)),"Not found")) -> 11 | D11: BMI Category | E11: =IF($C$4="","",IFERROR(INDEX('STUDENT SCREENING'!$T$4:$T$303,MATCH($C$4,'STUDENT SCREENING'!$A$4:$A$303,0)),"Not found")) -> Underweight
B12: Gender | C12: =IF($C$4="","",IFERROR(INDEX('STUDENT SCREENING'!$K$4:$K$303,MATCH($C$4,'STUDENT SCREENING'!$A$4:$A$303,0)),"Not found")) -> Female | D12: Blood Group | E12: =IF($C$4="","",IFERROR(INDEX('STUDENT SCREENING'!$P$4:$P$303,MATCH($C$4,'STUDENT SCREENING'!$A$4:$A$303,0)),"Not found")) -> O+
B14: HEALTH SCORES (0-100, higher is better except Undernutrition Risk)
B15: Overall Health Score | D15: =IF($C$4="","",IFERROR(INDEX('STUDENT SCREENING'!$BM$4:$BM$303,MATCH($C$4,'STUDENT SCREENING'!$A$4:$A$303,0)),"Not found")) -> 23
B16: Nutrition Score | D16: =IF($C$4="","",IFERROR(INDEX('STUDENT SCREENING'!$BN$4:$BN$303,MATCH($C$4,'STUDENT SCREENING'!$A$4:$A$303,0)),"Not found")) -> 15
B17: Growth & Anthropometry Score | D17: =IF($C$4="","",IFERROR(INDEX('STUDENT SCREENING'!$BF$4:$BF$303,MATCH($C$4,'STUDENT SCREENING'!$A$4:$A$303,0)),"Not found")) -> 30
B18: Diet Score | D18: =IF($C$4="","",IFERROR(INDEX('STUDENT SCREENING'!$BG$4:$BG$303,MATCH($C$4,'STUDENT SCREENING'!$A$4:$A$303,0)),"Not found")) -> 0
B19: Lifestyle Score | D19: =IF($C$4="","",IFERROR(INDEX('STUDENT SCREENING'!$BH$4:$BH$303,MATCH($C$4,'STUDENT SCREENING'!$A$4:$A$303,0)),"Not found")) -> 33
B20: Medical History Score | D20: =IF($C$4="","",IFERROR(INDEX('STUDENT SCREENING'!$BI$4:$BI$303,MATCH($C$4,'STUDENT SCREENING'!$A$4:$A$303,0)),"Not found")) -> 43
B21: Clinical Score | D21: =IF($C$4="","",IFERROR(INDEX('STUDENT SCREENING'!$BJ$4:$BJ$303,MATCH($C$4,'STUDENT SCREENING'!$A$4:$A$303,0)),"Not found")) -> 33
B22: Mental Wellness Score | D22: =IF($C$4="","",IFERROR(INDEX('STUDENT SCREENING'!$BK$4:$BK$303,MATCH($C$4,'STUDENT SCREENING'!$A$4:$A$303,0)),"Not found")) -> 0
B23: Preventive Score | D23: =IF($C$4="","",IFERROR(INDEX('STUDENT SCREENING'!$BL$4:$BL$303,MATCH($C$4,'STUDENT SCREENING'!$A$4:$A$303,0)),"Not found")) -> 12
B24: Undernutrition Risk Score | D24: =IF($C$4="","",IFERROR(INDEX('STUDENT SCREENING'!$BO$4:$BO$303,MATCH($C$4,'STUDENT SCREENING'!$A$4:$A$303,0)),"Not found")) -> 100
B25: Risk Category | D25: =IF($C$4="","",IFERROR(INDEX('STUDENT SCREENING'!$BP$4:$BP$303,MATCH($C$4,'STUDENT SCREENING'!$A$4:$A$303,0)),"Not found")) -> Red - High Risk
B27: KEY FINDINGS & RECOMMENDATIONS | G27: =IF($C$4="","",IFERROR(INDEX('STUDENT SCREENING'!$BQ$4:$BQ$303,MATCH($C$4,'STUDENT SCREENING'!$A$4:$A$303,0)),"Not found")) -> Yes
B28: =IF($C$4="","","BMI category: "&E11&". Overall Health Score: "&D15&"/100. "&IF(D24>=60,"This score flags an elevated undernutrition risk - please schedule a nutrition consultation. ","No significant undernutrition risk was flagged. ")&IF(G27="Yes","A doctor referral is recommended based on this screening.","No referral was flagged at this screening.")) -> BMI category: Underweight. Overall Health Score: 23/100. This score flags an elevated undernutrition risk - please schedule a nutrition consultation. A doctor referral is recommended based on this screening.
B33: DOCTOR'S ADVICE
B34: Diagnosis | C34: =IF($C$4="","",IFERROR(INDEX('DOCTOR ASSESSMENT'!$P$4:$P$303,MATCH($C$4,'DOCTOR ASSESSMENT'!$A$4:$A$303,0)),"")) -> Undernutrition with suspected iron-deficiency anaemia
B35: Clinical Advice | C35: =IF($C$4="","",IFERROR(INDEX('DOCTOR ASSESSMENT'!$Q$4:$Q$303,MATCH($C$4,'DOCTOR ASSESSMENT'!$A$4:$A$303,0)),"")) -> Refer to paediatrician; start iron & multivitamin supplementation; nutrition counselling for family
B36: Follow-up Needed | C36: =IF($C$4="","",IFERROR(INDEX('DOCTOR ASSESSMENT'!$V$4:$V$303,MATCH($C$4,'DOCTOR ASSESSMENT'!$A$4:$A$303,0)),"")) -> Yes
B37: Doctor Name / Signature | C37: =IF($C$4="","",IFERROR(INDEX('DOCTOR ASSESSMENT'!$X$4:$X$303,MATCH($C$4,'DOCTOR ASSESSMENT'!$A$4:$A$303,0)),"")) -> Dr. Meera Nair
B39: This is a screening tool, not a diagnosis. Please consult a qualified doctor for confirmation and treatment.

Sheet SCHOOL DASHBOARD
A1: SCHOOL DASHBOARD | Live Cohort Statistics
A3: Filter by School (blank = all schools):
A5: Number Screened | E5: Average BMI
A6: =COUNTIFS('STUDENT SCREENING'!$C$4:$C$303,IF($C$3="","*",$C$3),'STUDENT SCREENING'!$A$4:$A$303,"<>") -> 6 | E6: =IFERROR(ROUND(AVERAGEIF('STUDENT SCREENING'!$C$4:$C$303,IF($C$3="","*",$C$3),'STUDENT SCREENING'!$S$4:$S$303),1),"") -> 21.1
A8: Average Overall Health Score | E8: Average Nutrition Score
A9: =IFERROR(ROUND(AVERAGEIF('STUDENT SCREENING'!$C$4:$C$303,IF($C$3="","*",$C$3),'STUDENT SCREENING'!$BM$4:$BM$303),0),"") -> 68 | E9: =IFERROR(ROUND(AVERAGEIF('STUDENT SCREENING'!$C$4:$C$303,IF($C$3="","*",$C$3),'STUDENT SCREENING'!$BN$4:$BN$303),0),"") -> 64
A11: Average Lifestyle Score | E11: Average Mental Wellness Score
A12: =IFERROR(ROUND(AVERAGEIF('STUDENT SCREENING'!$C$4:$C$303,IF($C$3="","*",$C$3),'STUDENT SCREENING'!$BH$4:$BH$303),0),"") -> 58 | E12: =IFERROR(ROUND(AVERAGEIF('STUDENT SCREENING'!$C$4:$C$303,IF($C$3="","*",$C$3),'STUDENT SCREENING'!$BK$4:$BK$303),0),"") -> 58
A16: NUTRITION & HEALTH INDICATORS (% of screened cohort)
A17: Indicator | B17: Percent
A18: Underweight % | B18: =IFERROR(ROUND(COUNTIFS('STUDENT SCREENING'!$C$4:$C$303,IF($C$3="","*",$C$3),'STUDENT SCREENING'!$T$4:$T$303,"Underweight")/COUNTIFS('STUDENT SCREENING'!$C$4:$C$303,IF($C$3="","*",$C$3),'STUDENT SCREENING'!$A$4:$A$303,"<>")*100,0),0) -> 33
A19: Normal BMI % | B19: =IFERROR(ROUND(COUNTIFS('STUDENT SCREENING'!$C$4:$C$303,IF($C$3="","*",$C$3),'STUDENT SCREENING'!$T$4:$T$303,"Normal")/COUNTIFS('STUDENT SCREENING'!$C$4:$C$303,IF($C$3="","*",$C$3),'STUDENT SCREENING'!$A$4:$A$303,"<>")*100,0),0) -> 33
A20: Overweight % | B20: =IFERROR(ROUND(COUNTIFS('STUDENT SCREENING'!$C$4:$C$303,IF($C$3="","*",$C$3),'STUDENT SCREENING'!$T$4:$T$303,"Overweight")/COUNTIFS('STUDENT SCREENING'!$C$4:$C$303,IF($C$3="","*",$C$3),'STUDENT SCREENING'!$A$4:$A$303,"<>")*100,0),0) -> 33
A21: Obese % | B21: =IFERROR(ROUND(COUNTIFS('STUDENT SCREENING'!$C$4:$C$303,IF($C$3="","*",$C$3),'STUDENT SCREENING'!$T$4:$T$303,"Obese")/COUNTIFS('STUDENT SCREENING'!$C$4:$C$303,IF($C$3="","*",$C$3),'STUDENT SCREENING'!$A$4:$A$303,"<>")*100,0),0) -> 0
A22: Pallor (Anaemia Suspected) % | B22: =IFERROR(ROUND(COUNTIFS('STUDENT SCREENING'!$C$4:$C$303,IF($C$3="","*",$C$3),'STUDENT SCREENING'!$AU$4:$AU$303,"Yes")/COUNTIFS('STUDENT SCREENING'!$C$4:$C$303,IF($C$3="","*",$C$3),'STUDENT SCREENING'!$A$4:$A$303,"<>")*100,0),0) -> 17
A23: Dental Problems % | B23: =IFERROR(ROUND(COUNTIFS('STUDENT SCREENING'!$C$4:$C$303,IF($C$3="","*",$C$3),'STUDENT SCREENING'!$AV$4:$AV$303,"Yes")/COUNTIFS('STUDENT SCREENING'!$C$4:$C$303,IF($C$3="","*",$C$3),'STUDENT SCREENING'!$A$4:$A$303,"<>")*100,0),0) -> 50
A24: Vision Problems % | B24: =IFERROR(ROUND(COUNTIFS('STUDENT SCREENING'!$C$4:$C$303,IF($C$3="","*",$C$3),'STUDENT SCREENING'!$AX$4:$AX$303,"Yes")/COUNTIFS('STUDENT SCREENING'!$C$4:$C$303,IF($C$3="","*",$C$3),'STUDENT SCREENING'!$A$4:$A$303,"<>")*100,0),0) -> 17
A25: Bullying Reported % | B25: =IFERROR(ROUND(COUNTIFS('STUDENT SCREENING'!$C$4:$C$303,IF($C$3="","*",$C$3),'STUDENT SCREENING'!$AT$4:$AT$303,"Yes")/COUNTIFS('STUDENT SCREENING'!$C$4:$C$303,IF($C$3="","*",$C$3),'STUDENT SCREENING'!$A$4:$A$303,"<>")*100,0),0) -> 17
A26: Referral Recommended % | B26: =IFERROR(ROUND(COUNTIFS('STUDENT SCREENING'!$C$4:$C$303,IF($C$3="","*",$C$3),'STUDENT SCREENING'!$BQ$4:$BQ$303,"Yes")/COUNTIFS('STUDENT SCREENING'!$C$4:$C$303,IF($C$3="","*",$C$3),'STUDENT SCREENING'!$A$4:$A$303,"<>")*100,0),0) -> 33
A28: TOP HEALTH CONCERNS (ranked by frequency)
A29: Health Concern | B29: Count
A30: Underweight (BMI) | B30: =COUNTIFS('STUDENT SCREENING'!$C$4:$C$303,IF($C$3="","*",$C$3),'STUDENT SCREENING'!$T$4:$T$303,"Underweight") -> 2
A31: Overweight / Obese (BMI) | B31: =COUNTIFS('STUDENT SCREENING'!$C$4:$C$303,IF($C$3="","*",$C$3),'STUDENT SCREENING'!$T$4:$T$303,"Overweight")+COUNTIFS('STUDENT SCREENING'!$C$4:$C$303,IF($C$3="","*",$C$3),'STUDENT SCREENING'!$T$4:$T$303,"Obese") -> 2
A32: Pallor / Suspected Anaemia | B32: =COUNTIFS('STUDENT SCREENING'!$C$4:$C$303,IF($C$3="","*",$C$3),'STUDENT SCREENING'!$AU$4:$AU$303,"Yes") -> 1
A33: Dental Caries | B33: =COUNTIFS('STUDENT SCREENING'!$C$4:$C$303,IF($C$3="","*",$C$3),'STUDENT SCREENING'!$AV$4:$AV$303,"Yes") -> 3
A34: Poor Oral Hygiene | B34: =COUNTIFS('STUDENT SCREENING'!$C$4:$C$303,IF($C$3="","*",$C$3),'STUDENT SCREENING'!$AW$4:$AW$303,"Yes") -> 2
A35: Vision Problems | B35: =COUNTIFS('STUDENT SCREENING'!$C$4:$C$303,IF($C$3="","*",$C$3),'STUDENT SCREENING'!$AX$4:$AX$303,"Yes") -> 1
A36: Frequent Fever | B36: =COUNTIFS('STUDENT SCREENING'!$C$4:$C$303,IF($C$3="","*",$C$3),'STUDENT SCREENING'!$AK$4:$AK$303,"Yes") -> 1
A37: Repeated Infections | B37: =COUNTIFS('STUDENT SCREENING'!$C$4:$C$303,IF($C$3="","*",$C$3),'STUDENT SCREENING'!$AN$4:$AN$303,"Yes") -> 1
A38: Chronic Disease | B38: =COUNTIFS('STUDENT SCREENING'!$C$4:$C$303,IF($C$3="","*",$C$3),'STUDENT SCREENING'!$AJ$4:$AJ$303,"Yes") -> 0
A39: High Stress | B39: =COUNTIFS('STUDENT SCREENING'!$C$4:$C$303,IF($C$3="","*",$C$3),'STUDENT SCREENING'!$AQ$4:$AQ$303,"High") -> 3
A40: Bullying | B40: =COUNTIFS('STUDENT SCREENING'!$C$4:$C$303,IF($C$3="","*",$C$3),'STUDENT SCREENING'!$AT$4:$AT$303,"Yes") -> 1

Sheet RESEARCH DATABASE
A1: RESEARCH DATABASE | Numeric export for SPSS / R / Python / Power BI / SQL
A3: Student ID | B3: School Name | C3: District | D3: State | E3: Class | F3: Gender | G3: Age_yrs | H3: Gender_code | I3: Height (cm) | J3: Weight (kg) | K3: BMI | L3: MUAC (cm) | M3: Waist Circumference (cm) | N3: Growth & Anthropometry Score | O3: Diet Score | P3: Lifestyle Score | Q3: Medical History Score | R3: Clinical Score | S3: Mental Wellness Score | T3: Preventive Score | U3: Overall Health Score | V3: Nutrition Score | W3: Undernutrition Risk Score | X3: Breakfast_code | Y3: Fruit Intake_code | Z3: Vegetables_code | AA3: Protein Intake_code | AB3: Junk Food_code | AC3: Sugary Drinks_code | AD3: Water Intake_code | AE3: Physical Activity_code | AF3: Screen Time_code | AG3: Outdoor Play_code | AH3: Sleep Hours_code | AI3: Smoking_code | AJ3: Alcohol_code | AK3: Chronic Disease_code | AL3: Frequent Fever_code | AM3: Weight Loss_code | AN3: Poor Appetite_code | AO3: Repeated Infection_code | AP3: Hospitalisation_code | AQ3: Medication_code | AR3: Stress_code | AS3: Mood_code | AT3: Concentration_code | AU3: Bullying_code | AV3: Pallor_code | AW3: Dental Caries_code | AX3: Poor Oral Hygiene_code | AY3: Vision Problem_code | AZ3: Hair Changes_code | BA3: Skin Changes_code | BB3: Vaccination Complete_code | BC3: Deworming_code | BD3: Hand Hygiene_code | BE3: Dental Check-up_code | BF3: Vision Screening_code | BG3: Risk_Category_code | BH3: Need_Referral_bin | BI3: Need_Doctor_Review_bin
A4: ='STUDENT SCREENING'!A4 -> STU000001 | B4: ='STUDENT SCREENING'!C4 -> Greenwood High | C4: ='STUDENT SCREENING'!D4 -> Mumbai | D4: ='STUDENT SCREENING'!E4 -> Maharashtra | E4: ='STUDENT SCREENING'!F4 -> 8 | F4: ='STUDENT SCREENING'!K4 -> Male | G4: ='STUDENT SCREENING'!J4 -> 13 | H4: =IF('STUDENT SCREENING'!K4="","",IFERROR(MATCH('STUDENT SCREENING'!K4,Adm_Gender,0),"")) -> 1 | I4: ='STUDENT SCREENING'!Q4 -> 155 | J4: ='STUDENT SCREENING'!R4 -> 45 | K4: ='STUDENT SCREENING'!S4 -> 18.7 | L4: ='STUDENT SCREENING'!U4 -> 22 | M4: ='STUDENT SCREENING'!V4 -> 60 | N4: ='STUDENT SCREENING'!BF4 -> 100 | O4: ='STUDENT SCREENING'!BG4 -> 100 | P4: ='STUDENT SCREENING'!BH4 -> 100 | Q4: ='STUDENT SCREENING'!BI4 -> 100 | R4: ='STUDENT SCREENING'!BJ4 -> 100 | S4: ='STUDENT SCREENING'!BK4 -> 100 | T4: ='STUDENT SCREENING'!BL4 -> 100 | U4: ='STUDENT SCREENING'!BM4 -> 100 | ... W4: ='STUDENT SCREENING'!BO4 -> 0 | X4: =IF('STUDENT SCREENING'!W4="","",IFERROR(INDEX('SCORING MASTER'!$D$5:$D$7,MATCH('STUDENT SCREENING'!W4,'SCORING MASTER'!$C$5:$C$7,0)),"")) -> 5 | Y4: =IF('STUDENT SCREENING'!X4="","",IFERROR(INDEX('SCORING MASTER'!$D$9:$D$11,MATCH('STUDENT SCREENING'!X4,'SCORING MASTER'!$C$9:$C$11,0)),"")) -> 5 | Z4: =IF('STUDENT SCREENING'!Y4="","",IFERROR(INDEX('SCORING MASTER'!$D$13:$D$15,MATCH('STUDENT SCREENING'!Y4,'SCORING MASTER'!$C$13:$C$15,0)),"")) -> 5 | AA4: =IF('STUDENT SCREENING'!Z4="","",IFERROR(INDEX('SCORING MASTER'!$D$17:$D$19,MATCH('STUDENT SCREENING'!Z4,'SCORING MASTER'!$C$17:$C$19,0)),"")) -> 5 | AB4: =IF('STUDENT SCREENING'!AA4="","",IFERROR(INDEX('SCORING MASTER'!$D$21:$D$23,MATCH('STUDENT SCREENING'!AA4,'SCORING MASTER'!$C$21:$C$23,0)),"")) -> 5 | AC4: =IF('STUDENT SCREENING'!AB4="","",IFERROR(INDEX('SCORING MASTER'!$D$25:$D$27,MATCH('STUDENT SCREENING'!AB4,'SCORING MASTER'!$C$25:$C$27,0)),"")) -> 5 | AD4: =IF('STUDENT SCREENING'!AC4="","",IFERROR(INDEX('SCORING MASTER'!$D$29:$D$31,MATCH('STUDENT SCREENING'!AC4,'SCORING MASTER'!$C$29:$C$31,0)),"")) -> 5 | AE4: =IF('STUDENT SCREENING'!AD4="","",IFERROR(INDEX('SCORING MASTER'!$D$33:$D$35,MATCH('STUDENT SCREENING'!AD4,'SCORING MASTER'!$C$33:$C$35,0)),"")) -> 5 | AF4: =IF('STUDENT SCREENING'!AE4="","",IFERROR(INDEX('SCORING MASTER'!$D$37:$D$39,MATCH('STUDENT SCREENING'!AE4,'SCORING MASTER'!$C$37:$C$39,0)),"")) -> 5 | AG4: =IF('STUDENT SCREENING'!AF4="","",IFERROR(INDEX('SCORING MASTER'!$D$41:$D$43,MATCH('STUDENT SCREENING'!AF4,'SCORING MASTER'!$C$41:$C$43,0)),"")) -> 5 | AH4: =IF('STUDENT SCREENING'!AG4="","",IFERROR(INDEX('SCORING MASTER'!$D$45:$D$47,MATCH('STUDENT SCREENING'!AG4,'SCORING MASTER'!$C$45:$C$47,0)),"")) -> 5 | AI4: =IF('STUDENT SCREENING'!AH4="","",IFERROR(INDEX('SCORING MASTER'!$D$49:$D$52,MATCH('STUDENT SCREENING'!AH4,'SCORING MASTER'!$C$49:$C$52,0)),"")) -> 5 | AJ4: =IF('STUDENT SCREENING'!AI4="","",IFERROR(INDEX('SCORING MASTER'!$D$54:$D$57,MATCH('STUDENT SCREENING'!AI4,'SCORING MASTER'!$C$54:$C$57,0)),"")) -> 5 | AK4: =IF('STUDENT SCREENING'!AJ4="","",IFERROR(INDEX('SCORING MASTER'!$D$59:$D$60,MATCH('STUDENT SCREENING'!AJ4,'SCORING MASTER'!$C$59:$C$60,0)),"")) -> 5 | AL4: =IF('STUDENT SCREENING'!AK4="","",IFERROR(INDEX('SCORING MASTER'!$D$62:$D$63,MATCH('STUDENT SCREENING'!AK4,'SCORING MASTER'!$C$62:$C$63,0)),"")) -> 5 | AM4: =IF('STUDENT SCREENING'!AL4="","",IFERROR(INDEX('SCORING MASTER'!$D$65:$D$66,MATCH('STUDENT SCREENING'!AL4,'SCORING MASTER'!$C$65:$C$66,0)),"")) -> 5 | AN4: =IF('STUDENT SCREENING'!AM4="","",IFERROR(INDEX('SCORING MASTER'!$D$68:$D$69,MATCH('STUDENT SCREENING'!AM4,'SCORING MASTER'!$C$68:$C$69,0)),"")) -> 5 | AO4: =IF('STUDENT SCREENING'!AN4="","",IFERROR(INDEX('SCORING MASTER'!$D$71:$D$72,MATCH('STUDENT SCREENING'!AN4,'SCORING MASTER'!$C$71:$C$72,0)),"")) -> 5 | AP4: =IF('STUDENT SCREENING'!AO4="","",IFERROR(INDEX('SCORING MASTER'!$D$74:$D$75,MATCH('STUDENT SCREENING'!AO4,'SCORING MASTER'!$C$74:$C$75,0)),"")) -> 5 | AQ4: =IF('STUDENT SCREENING'!AP4="","",IFERROR(INDEX('SCORING MASTER'!$D$77:$D$78,MATCH('STUDENT SCREENING'!AP4,'SCORING MASTER'!$C$77:$C$78,0)),"")) -> 5 | AR4: =IF('STUDENT SCREENING'!AQ4="","",IFERROR(INDEX('SCORING MASTER'!$D$80:$D$82,MATCH('STUDENT SCREENING'!AQ4,'SCORING MASTER'!$C$80:$C$82,0)),"")) -> 5 | AS4: =IF('STUDENT SCREENING'!AR4="","",IFERROR(INDEX('SCORING MASTER'!$D$84:$D$86,MATCH('STUDENT SCREENING'!AR4,'SCORING MASTER'!$C$84:$C$86,0)),"")) -> 5 | AT4: =IF('STUDENT SCREENING'!AS4="","",IFERROR(INDEX('SCORING MASTER'!$D$88:$D$90,MATCH('STUDENT SCREENING'!AS4,'SCORING MASTER'!$C$88:$C$90,0)),"")) -> 5 | AU4: =IF('STUDENT SCREENING'!AT4="","",IFERROR(INDEX('SCORING MASTER'!$D$92:$D$93,MATCH('STUDENT SCREENING'!AT4,'SCORING MASTER'!$C$92:$C$93,0)),"")) -> 5 | AV4: =IF('STUDENT SCREENING'!AU4="","",IFERROR(INDEX('SCORING MASTER'!$D$95:$D$96,MATCH('STUDENT SCREENING'!AU4,'SCORING MASTER'!$C$95:$C$96,0)),"")) -> 5 | AW4: =IF('STUDENT SCREENING'!AV4="","",IFERROR(INDEX('SCORING MASTER'!$D$98:$D$99,MATCH('STUDENT SCREENING'!AV4,'SCORING MASTER'!$C$98:$C$99,0)),"")) -> 5 | AX4: =IF('STUDENT SCREENING'!AW4="","",IFERROR(INDEX('SCORING MASTER'!$D$101:$D$102,MATCH('STUDENT SCREENING'!AW4,'SCORING MASTER'!$C$101:$C$102,0)),"")) -> 5 | AY4: =IF('STUDENT SCREENING'!AX4="","",IFERROR(INDEX('SCORING MASTER'!$D$104:$D$105,MATCH('STUDENT SCREENING'!AX4,'SCORING MASTER'!$C$104:$C$105,0)),"")) -> 5 | AZ4: =IF('STUDENT SCREENING'!AY4="","",IFERROR(INDEX('SCORING MASTER'!$D$107:$D$108,MATCH('STUDENT SCREENING'!AY4,'SCORING MASTER'!$C$107:$C$108,0)),"")) -> 5 | BA4: =IF('STUDENT SCREENING'!AZ4="","",IFERROR(INDEX('SCORING MASTER'!$D$110:$D$111,MATCH('STUDENT SCREENING'!AZ4,'SCORING MASTER'!$C$110:$C$111,0)),"")) -> 5 | BB4: =IF('STUDENT SCREENING'!BA4="","",IFERROR(INDEX('SCORING MASTER'!$D$113:$D$115,MATCH('STUDENT SCREENING'!BA4,'SCORING MASTER'!$C$113:$C$115,0)),"")) -> 5 | BC4: =IF('STUDENT SCREENING'!BB4="","",IFERROR(INDEX('SCORING MASTER'!$D$117:$D$119,MATCH('STUDENT SCREENING'!BB4,'SCORING MASTER'!$C$117:$C$119,0)),"")) -> 5 | BD4: =IF('STUDENT SCREENING'!BC4="","",IFERROR(INDEX('SCORING MASTER'!$D$121:$D$123,MATCH('STUDENT SCREENING'!BC4,'SCORING MASTER'!$C$121:$C$123,0)),"")) -> 5 | BE4: =IF('STUDENT SCREENING'!BD4="","",IFERROR(INDEX('SCORING MASTER'!$D$125:$D$126,MATCH('STUDENT SCREENING'!BD4,'SCORING MASTER'!$C$125:$C$126,0)),"")) -> 5 | BF4: =IF('STUDENT SCREENING'!BE4="","",IFERROR(INDEX('SCORING MASTER'!$D$128:$D$129,MATCH('STUDENT SCREENING'!BE4,'SCORING MASTER'!$C$128:$C$129,0)),"")) -> 5 | BG4: =IF('STUDENT SCREENING'!BP4="","",IFERROR(MATCH('STUDENT SCREENING'!BP4,{"Red - High Risk","Orange - Moderate Risk","Yellow - Mild Risk","Light Green - Mild Watch","Green - Healthy"},0)-1,"")) -> 4 | BH4: =IF('STUDENT SCREENING'!BQ4="","",IF('STUDENT SCREENING'!BQ4="Yes",1,0)) -> 0 | BI4: =IF('STUDENT SCREENING'!BR4="","",IF('STUDENT SCREENING'!BR4="Yes",1,0)) -> 0
A5: ='STUDENT SCREENING'!A5 -> STU000002 | B5: ='STUDENT SCREENING'!C5 -> Greenwood High | C5: ='STUDENT SCREENING'!D5 -> Mumbai | D5: ='STUDENT SCREENING'!E5 -> Maharashtra | E5: ='STUDENT SCREENING'!F5 -> 6 | F5: ='STUDENT SCREENING'!K5 -> Female | G5: ='STUDENT SCREENING'!J5 -> 11 | H5: =IF('STUDENT SCREENING'!K5="","",IFERROR(MATCH('STUDENT SCREENING'!K5,Adm_Gender,0),"")) -> 2 | I5: ='STUDENT SCREENING'!Q5 -> 128 | J5: ='STUDENT SCREENING'!R5 -> 21 | K5: ='STUDENT SCREENING'!S5 -> 12.8 | L5: ='STUDENT SCREENING'!U5 -> 16 | M5: ='STUDENT SCREENING'!V5 -> 48 | N5: ='STUDENT SCREENING'!BF5 -> 30 | O5: ='STUDENT SCREENING'!BG5 -> 0 | P5: ='STUDENT SCREENING'!BH5 -> 33 | Q5: ='STUDENT SCREENING'!BI5 -> 43 | R5: ='STUDENT SCREENING'!BJ5 -> 33 | S5: ='STUDENT SCREENING'!BK5 -> 0 | T5: ='STUDENT SCREENING'!BL5 -> 12 | U5: ='STUDENT SCREENING'!BM5 -> 23 | ... W5: ='STUDENT SCREENING'!BO5 -> 100 | X5: =IF('STUDENT SCREENING'!W5="","",IFERROR(INDEX('SCORING MASTER'!$D$5:$D$7,MATCH('STUDENT SCREENING'!W5,'SCORING MASTER'!$C$5:$C$7,0)),"")) -> 0 | Y5: =IF('STUDENT SCREENING'!X5="","",IFERROR(INDEX('SCORING MASTER'!$D$9:$D$11,MATCH('STUDENT SCREENING'!X5,'SCORING MASTER'!$C$9:$C$11,0)),"")) -> 0 | Z5: =IF('STUDENT SCREENING'!Y5="","",IFERROR(INDEX('SCORING MASTER'!$D$13:$D$15,MATCH('STUDENT SCREENING'!Y5,'SCORING MASTER'!$C$13:$C$15,0)),"")) -> 0 | AA5: =IF('STUDENT SCREENING'!Z5="","",IFERROR(INDEX('SCORING MASTER'!$D$17:$D$19,MATCH('STUDENT SCREENING'!Z5,'SCORING MASTER'!$C$17:$C$19,0)),"")) -> 0 | AB5: =IF('STUDENT SCREENING'!AA5="","",IFERROR(INDEX('SCORING MASTER'!$D$21:$D$23,MATCH('STUDENT SCREENING'!AA5,'SCORING MASTER'!$C$21:$C$23,0)),"")) -> 0 | AC5: =IF('STUDENT SCREENING'!AB5="","",IFERROR(INDEX('SCORING MASTER'!$D$25:$D$27,MATCH('STUDENT SCREENING'!AB5,'SCORING MASTER'!$C$25:$C$27,0)),"")) -> 0 | AD5: =IF('STUDENT SCREENING'!AC5="","",IFERROR(INDEX('SCORING MASTER'!$D$29:$D$31,MATCH('STUDENT SCREENING'!AC5,'SCORING MASTER'!$C$29:$C$31,0)),"")) -> 0 | AE5: =IF('STUDENT SCREENING'!AD5="","",IFERROR(INDEX('SCORING MASTER'!$D$33:$D$35,MATCH('STUDENT SCREENING'!AD5,'SCORING MASTER'!$C$33:$C$35,0)),"")) -> 0 | AF5: =IF('STUDENT SCREENING'!AE5="","",IFERROR(INDEX('SCORING MASTER'!$D$37:$D$39,MATCH('STUDENT SCREENING'!AE5,'SCORING MASTER'!$C$37:$C$39,0)),"")) -> 0 | AG5: =IF('STUDENT SCREENING'!AF5="","",IFERROR(INDEX('SCORING MASTER'!$D$41:$D$43,MATCH('STUDENT SCREENING'!AF5,'SCORING MASTER'!$C$41:$C$43,0)),"")) -> 0 | AH5: =IF('STUDENT SCREENING'!AG5="","",IFERROR(INDEX('SCORING MASTER'!$D$45:$D$47,MATCH('STUDENT SCREENING'!AG5,'SCORING MASTER'!$C$45:$C$47,0)),"")) -> 0 | AI5: =IF('STUDENT SCREENING'!AH5="","",IFERROR(INDEX('SCORING MASTER'!$D$49:$D$52,MATCH('STUDENT SCREENING'!AH5,'SCORING MASTER'!$C$49:$C$52,0)),"")) -> 5 | AJ5: =IF('STUDENT SCREENING'!AI5="","",IFERROR(INDEX('SCORING MASTER'!$D$54:$D$57,MATCH('STUDENT SCREENING'!AI5,'SCORING MASTER'!$C$54:$C$57,0)),"")) -> 5 | AK5: =IF('STUDENT SCREENING'!AJ5="","",IFERROR(INDEX('SCORING MASTER'!$D$59:$D$60,MATCH('STUDENT SCREENING'!AJ5,'SCORING MASTER'!$C$59:$C$60,0)),"")) -> 5 | AL5: =IF('STUDENT SCREENING'!AK5="","",IFERROR(INDEX('SCORING MASTER'!$D$62:$D$63,MATCH('STUDENT SCREENING'!AK5,'SCORING MASTER'!$C$62:$C$63,0)),"")) -> 0 | AM5: =IF('STUDENT SCREENING'!AL5="","",IFERROR(INDEX('SCORING MASTER'!$D$65:$D$66,MATCH('STUDENT SCREENING'!AL5,'SCORING MASTER'!$C$65:$C$66,0)),"")) -> 0 | AN5: =IF('STUDENT SCREENING'!AM5="","",IFERROR(INDEX('SCORING MASTER'!$D$68:$D$69,MATCH('STUDENT SCREENING'!AM5,'SCORING MASTER'!$C$68:$C$69,0)),"")) -> 0 | AO5: =IF('STUDENT SCREENING'!AN5="","",IFERROR(INDEX('SCORING MASTER'!$D$71:$D$72,MATCH('STUDENT SCREENING'!AN5,'SCORING MASTER'!$C$71:$C$72,0)),"")) -> 0 | AP5: =IF('STUDENT SCREENING'!AO5="","",IFERROR(INDEX('SCORING MASTER'!$D$74:$D$75,MATCH('STUDENT SCREENING'!AO5,'SCORING MASTER'!$C$74:$C$75,0)),"")) -> 5 | AQ5: =IF('STUDENT SCREENING'!AP5="","",IFERROR(INDEX('SCORING MASTER'!$D$77:$D$78,MATCH('STUDENT SCREENING'!AP5,'SCORING MASTER'!$C$77:$C$78,0)),"")) -> 5 | AR5: =IF('STUDENT SCREENING'!AQ5="","",IFERROR(INDEX('SCORING MASTER'!$D$80:$D$82,MATCH('STUDENT SCREENING'!AQ5,'SCORING MASTER'!$C$80:$C$82,0)),"")) -> 0 | AS5: =IF('STUDENT SCREENING'!AR5="","",IFERROR(INDEX('SCORING MASTER'!$D$84:$D$86,MATCH('STUDENT SCREENING'!AR5,'SCORING MASTER'!$C$84:$C$86,0)),"")) -> 0 | AT5: =IF('STUDENT SCREENING'!AS5="","",IFERROR(INDEX('SCORING MASTER'!$D$88:$D$90,MATCH('STUDENT SCREENING'!AS5,'SCORING MASTER'!$C$88:$C$90,0)),"")) -> 0 | AU5: =IF('STUDENT SCREENING'!AT5="","",IFERROR(INDEX('SCORING MASTER'!$D$92:$D$93,MATCH('STUDENT SCREENING'!AT5,'SCORING MASTER'!$C$92:$C$93,0)),"")) -> 0 | AV5: =IF('STUDENT SCREENING'!AU5="","",IFERROR(INDEX('SCORING MASTER'!$D$95:$D$96,MATCH('STUDENT SCREENING'!AU5,'SCORING MASTER'!$C$95:$C$96,0)),"")) -> 0 | AW5: =IF('STUDENT SCREENING'!AV5="","",IFERROR(INDEX('SCORING MASTER'!$D$98:$D$99,MATCH('STUDENT SCREENING'!AV5,'SCORING MASTER'!$C$98:$C$99,0)),"")) -> 0 | AX5: =IF('STUDENT SCREENING'!AW5="","",IFERROR(INDEX('SCORING MASTER'!$D$101:$D$102,MATCH('STUDENT SCREENING'!AW5,'SCORING MASTER'!$C$101:$C$102,0)),"")) -> 0 | AY5: =IF('STUDENT SCREENING'!AX5="","",IFERROR(INDEX('SCORING MASTER'!$D$104:$D$105,MATCH('STUDENT SCREENING'!AX5,'SCORING MASTER'!$C$104:$C$105,0)),"")) -> 5 | AZ5: =IF('STUDENT SCREENING'!AY5="","",IFERROR(INDEX('SCORING MASTER'!$D$107:$D$108,MATCH('STUDENT SCREENING'!AY5,'SCORING MASTER'!$C$107:$C$108,0)),"")) -> 0 | BA5: =IF('STUDENT SCREENING'!AZ5="","",IFERROR(INDEX('SCORING MASTER'!$D$110:$D$111,MATCH('STUDENT SCREENING'!AZ5,'SCORING MASTER'!$C$110:$C$111,0)),"")) -> 5 | BB5: =IF('STUDENT SCREENING'!BA5="","",IFERROR(INDEX('SCORING MASTER'!$D$113:$D$115,MATCH('STUDENT SCREENING'!BA5,'SCORING MASTER'!$C$113:$C$115,0)),"")) -> 3 | BC5: =IF('STUDENT SCREENING'!BB5="","",IFERROR(INDEX('SCORING MASTER'!$D$117:$D$119,MATCH('STUDENT SCREENING'!BB5,'SCORING MASTER'!$C$117:$C$119,0)),"")) -> 0 | BD5: =IF('STUDENT SCREENING'!BC5="","",IFERROR(INDEX('SCORING MASTER'!$D$121:$D$123,MATCH('STUDENT SCREENING'!BC5,'SCORING MASTER'!$C$121:$C$123,0)),"")) -> 0 | BE5: =IF('STUDENT SCREENING'!BD5="","",IFERROR(INDEX('SCORING MASTER'!$D$125:$D$126,MATCH('STUDENT SCREENING'!BD5,'SCORING MASTER'!$C$125:$C$126,0)),"")) -> 0 | BF5: =IF('STUDENT SCREENING'!BE5="","",IFERROR(INDEX('SCORING MASTER'!$D$128:$D$129,MATCH('STUDENT SCREENING'!BE5,'SCORING MASTER'!$C$128:$C$129,0)),"")) -> 0 | BG5: =IF('STUDENT SCREENING'!BP5="","",IFERROR(MATCH('STUDENT SCREENING'!BP5,{"Red - High Risk","Orange - Moderate Risk","Yellow - Mild Risk","Light Green - Mild Watch","Green - Healthy"},0)-1,"")) -> 0 | BH5: =IF('STUDENT SCREENING'!BQ5="","",IF('STUDENT SCREENING'!BQ5="Yes",1,0)) -> 1 | BI5: =IF('STUDENT SCREENING'!BR5="","",IF('STUDENT SCREENING'!BR5="Yes",1,0)) -> 1
A6: ='STUDENT SCREENING'!A6 -> STU000003 | B6: ='STUDENT SCREENING'!C6 -> St. Xavier's College | C6: ='STUDENT SCREENING'!D6 -> Pune | D6: ='STUDENT SCREENING'!E6 -> Maharashtra | E6: ='STUDENT SCREENING'!F6 -> UG-2 | F6: ='STUDENT SCREENING'!K6 -> Male | G6: ='STUDENT SCREENING'!J6 -> 19 | H6: =IF('STUDENT SCREENING'!K6="","",IFERROR(MATCH('STUDENT SCREENING'!K6,Adm_Gender,0),"")) -> 1 | I6: ='STUDENT SCREENING'!Q6 -> 172 | J6: ='STUDENT SCREENING'!R6 -> 88 | K6: ='STUDENT SCREENING'!S6 -> 29.7 | L6: ='STUDENT SCREENING'!U6 -> 27 | M6: ='STUDENT SCREENING'!V6 -> 98 | N6: ='STUDENT SCREENING'!BF6 -> 65 | O6: ='STUDENT SCREENING'!BG6 -> 66 | P6: ='STUDENT SCREENING'!BH6 -> 13 | Q6: ='STUDENT SCREENING'!BI6 -> 100 | R6: ='STUDENT SCREENING'!BJ6 -> 67 | S6: ='STUDENT SCREENING'!BK6 -> 55 | T6: ='STUDENT SCREENING'!BL6 -> 52 | U6: ='STUDENT SCREENING'!BM6 -> 61 | ... W6: ='STUDENT SCREENING'!BO6 -> 34 | X6: =IF('STUDENT SCREENING'!W6="","",IFERROR(INDEX('SCORING MASTER'!$D$5:$D$7,MATCH('STUDENT SCREENING'!W6,'SCORING MASTER'!$C$5:$C$7,0)),"")) -> 3 | Y6: =IF('STUDENT SCREENING'!X6="","",IFERROR(INDEX('SCORING MASTER'!$D$9:$D$11,MATCH('STUDENT SCREENING'!X6,'SCORING MASTER'!$C$9:$C$11,0)),"")) -> 3 | Z6: =IF('STUDENT SCREENING'!Y6="","",IFERROR(INDEX('SCORING MASTER'!$D$13:$D$15,MATCH('STUDENT SCREENING'!Y6,'SCORING MASTER'!$C$13:$C$15,0)),"")) -> 3 | AA6: =IF('STUDENT SCREENING'!Z6="","",IFERROR(INDEX('SCORING MASTER'!$D$17:$D$19,MATCH('STUDENT SCREENING'!Z6,'SCORING MASTER'!$C$17:$C$19,0)),"")) -> 5 | AB6: =IF('STUDENT SCREENING'!AA6="","",IFERROR(INDEX('SCORING MASTER'!$D$21:$D$23,MATCH('STUDENT SCREENING'!AA6,'SCORING MASTER'!$C$21:$C$23,0)),"")) -> 3 | AC6: =IF('STUDENT SCREENING'!AB6="","",IFERROR(INDEX('SCORING MASTER'!$D$25:$D$27,MATCH('STUDENT SCREENING'!AB6,'SCORING MASTER'!$C$25:$C$27,0)),"")) -> 3 | AD6: =IF('STUDENT SCREENING'!AC6="","",IFERROR(INDEX('SCORING MASTER'!$D$29:$D$31,MATCH('STUDENT SCREENING'!AC6,'SCORING MASTER'!$C$29:$C$31,0)),"")) -> 3 | AE6: =IF('STUDENT SCREENING'!AD6="","",IFERROR(INDEX('SCORING MASTER'!$D$33:$D$35,MATCH('STUDENT SCREENING'!AD6,'SCORING MASTER'!$C$33:$C$35,0)),"")) -> 0 | AF6: =IF('STUDENT SCREENING'!AE6="","",IFERROR(INDEX('SCORING MASTER'!$D$37:$D$39,MATCH('STUDENT SCREENING'!AE6,'SCORING MASTER'!$C$37:$C$39,0)),"")) -> 0 | AG6: =IF('STUDENT SCREENING'!AF6="","",IFERROR(INDEX('SCORING MASTER'!$D$41:$D$43,MATCH('STUDENT SCREENING'!AF6,'SCORING MASTER'!$C$41:$C$43,0)),"")) -> 0 | AH6: =IF('STUDENT SCREENING'!AG6="","",IFERROR(INDEX('SCORING MASTER'!$D$45:$D$47,MATCH('STUDENT SCREENING'!AG6,'SCORING MASTER'!$C$45:$C$47,0)),"")) -> 0 | AI6: =IF('STUDENT SCREENING'!AH6="","",IFERROR(INDEX('SCORING MASTER'!$D$49:$D$52,MATCH('STUDENT SCREENING'!AH6,'SCORING MASTER'!$C$49:$C$52,0)),"")) -> 2 | AJ6: =IF('STUDENT SCREENING'!AI6="","",IFERROR(INDEX('SCORING MASTER'!$D$54:$D$57,MATCH('STUDENT SCREENING'!AI6,'SCORING MASTER'!$C$54:$C$57,0)),"")) -> 2 | AK6: =IF('STUDENT SCREENING'!AJ6="","",IFERROR(INDEX('SCORING MASTER'!$D$59:$D$60,MATCH('STUDENT SCREENING'!AJ6,'SCORING MASTER'!$C$59:$C$60,0)),"")) -> 5 | AL6: =IF('STUDENT SCREENING'!AK6="","",IFERROR(INDEX('SCORING MASTER'!$D$62:$D$63,MATCH('STUDENT SCREENING'!AK6,'SCORING MASTER'!$C$62:$C$63,0)),"")) -> 5 | AM6: =IF('STUDENT SCREENING'!AL6="","",IFERROR(INDEX('SCORING MASTER'!$D$65:$D$66,MATCH('STUDENT SCREENING'!AL6,'SCORING MASTER'!$C$65:$C$66,0)),"")) -> 5 | AN6: =IF('STUDENT SCREENING'!AM6="","",IFERROR(INDEX('SCORING MASTER'!$D$68:$D$69,MATCH('STUDENT SCREENING'!AM6,'SCORING MASTER'!$C$68:$C$69,0)),"")) -> 5 | AO6: =IF('STUDENT SCREENING'!AN6="","",IFERROR(INDEX('SCORING MASTER'!$D$71:$D$72,MATCH('STUDENT SCREENING'!AN6,'SCORING MASTER'!$C$71:$C$72,0)),"")) -> 5 | AP6: =IF('STUDENT SCREENING'!AO6="","",IFERROR(INDEX('SCORING MASTER'!$D$74:$D$75,MATCH('STUDENT SCREENING'!AO6,'SCORING MASTER'!$C$74:$C$75,0)),"")) -> 5 | AQ6: =IF('STUDENT SCREENING'!AP6="","",IFERROR(INDEX('SCORING MASTER'!$D$77:$D$78,MATCH('STUDENT SCREENING'!AP6,'SCORING MASTER'!$C$77:$C$78,0)),"")) -> 5 | AR6: =IF('STUDENT SCREENING'!AQ6="","",IFERROR(INDEX('SCORING MASTER'!$D$80:$D$82,MATCH('STUDENT SCREENING'!AQ6,'SCORING MASTER'!$C$80:$C$82,0)),"")) -> 0 | AS6: =IF('STUDENT SCREENING'!AR6="","",IFERROR(INDEX('SCORING MASTER'!$D$84:$D$86,MATCH('STUDENT SCREENING'!AR6,'SCORING MASTER'!$C$84:$C$86,0)),"")) -> 3 | AT6: =IF('STUDENT SCREENING'!AS6="","",IFERROR(INDEX('SCORING MASTER'!$D$88:$D$90,MATCH('STUDENT SCREENING'!AS6,'SCORING MASTER'!$C$88:$C$90,0)),"")) -> 3 | AU6: =IF('STUDENT SCREENING'!AT6="","",IFERROR(INDEX('SCORING MASTER'!$D$92:$D$93,MATCH('STUDENT SCREENING'!AT6,'SCORING MASTER'!$C$92:$C$93,0)),"")) -> 5 | AV6: =IF('STUDENT SCREENING'!AU6="","",IFERROR(INDEX('SCORING MASTER'!$D$95:$D$96,MATCH('STUDENT SCREENING'!AU6,'SCORING MASTER'!$C$95:$C$96,0)),"")) -> 5 | AW6: =IF('STUDENT SCREENING'!AV6="","",IFERROR(INDEX('SCORING MASTER'!$D$98:$D$99,MATCH('STUDENT SCREENING'!AV6,'SCORING MASTER'!$C$98:$C$99,0)),"")) -> 0 | AX6: =IF('STUDENT SCREENING'!AW6="","",IFERROR(INDEX('SCORING MASTER'!$D$101:$D$102,MATCH('STUDENT SCREENING'!AW6,'SCORING MASTER'!$C$101:$C$102,0)),"")) -> 5 | AY6: =IF('STUDENT SCREENING'!AX6="","",IFERROR(INDEX('SCORING MASTER'!$D$104:$D$105,MATCH('STUDENT SCREENING'!AX6,'SCORING MASTER'!$C$104:$C$105,0)),"")) -> 0 | AZ6: =IF('STUDENT SCREENING'!AY6="","",IFERROR(INDEX('SCORING MASTER'!$D$107:$D$108,MATCH('STUDENT SCREENING'!AY6,'SCORING MASTER'!$C$107:$C$108,0)),"")) -> 5 | BA6: =IF('STUDENT SCREENING'!AZ6="","",IFERROR(INDEX('SCORING MASTER'!$D$110:$D$111,MATCH('STUDENT SCREENING'!AZ6,'SCORING MASTER'!$C$110:$C$111,0)),"")) -> 5 | BB6: =IF('STUDENT SCREENING'!BA6="","",IFERROR(INDEX('SCORING MASTER'!$D$113:$D$115,MATCH('STUDENT SCREENING'!BA6,'SCORING MASTER'!$C$113:$C$115,0)),"")) -> 5 | BC6: =IF('STUDENT SCREENING'!BB6="","",IFERROR(INDEX('SCORING MASTER'!$D$117:$D$119,MATCH('STUDENT SCREENING'!BB6,'SCORING MASTER'!$C$117:$C$119,0)),"")) -> 5 | BD6: =IF('STUDENT SCREENING'!BC6="","",IFERROR(INDEX('SCORING MASTER'!$D$121:$D$123,MATCH('STUDENT SCREENING'!BC6,'SCORING MASTER'!$C$121:$C$123,0)),"")) -> 3 | BE6: =IF('STUDENT SCREENING'!BD6="","",IFERROR(INDEX('SCORING MASTER'!$D$125:$D$126,MATCH('STUDENT SCREENING'!BD6,'SCORING MASTER'!$C$125:$C$126,0)),"")) -> 0 | BF6: =IF('STUDENT SCREENING'!BE6="","",IFERROR(INDEX('SCORING MASTER'!$D$128:$D$129,MATCH('STUDENT SCREENING'!BE6,'SCORING MASTER'!$C$128:$C$129,0)),"")) -> 0 | BG6: =IF('STUDENT SCREENING'!BP6="","",IFERROR(MATCH('STUDENT SCREENING'!BP6,{"Red - High Risk","Orange - Moderate Risk","Yellow - Mild Risk","Light Green - Mild Watch","Green - Healthy"},0)-1,"")) -> 2 | BH6: =IF('STUDENT SCREENING'!BQ6="","",IF('STUDENT SCREENING'!BQ6="Yes",1,0)) -> 0 | BI6: =IF('STUDENT SCREENING'!BR6="","",IF('STUDENT SCREENING'!BR6="Yes",1,0)) -> 0
A7: ='STUDENT SCREENING'!A7 -> STU000004 | B7: ='STUDENT SCREENING'!C7 -> St. Xavier's College | C7: ='STUDENT SCREENING'!D7 -> Pune | D7: ='STUDENT SCREENING'!E7 -> Maharashtra | E7: ='STUDENT SCREENING'!F7 -> UG-1 | F7: ='STUDENT SCREENING'!K7 -> Female | G7: ='STUDENT SCREENING'!J7 -> 18 | H7: =IF('STUDENT SCREENING'!K7="","",IFERROR(MATCH('STUDENT SCREENING'!K7,Adm_Gender,0),"")) -> 2 | I7: ='STUDENT SCREENING'!Q7 -> 160 | J7: ='STUDENT SCREENING'!R7 -> 54 | K7: ='STUDENT SCREENING'!S7 -> 21.1 | L7: ='STUDENT SCREENING'!U7 -> 24 | M7: ='STUDENT SCREENING'!V7 -> 70 | N7: ='STUDENT SCREENING'!BF7 -> 100 | O7: ='STUDENT SCREENING'!BG7 -> 77 | P7: ='STUDENT SCREENING'!BH7 -> 73 | Q7: ='STUDENT SCREENING'!BI7 -> 100 | R7: ='STUDENT SCREENING'!BJ7 -> 100 | S7: ='STUDENT SCREENING'!BK7 -> 70 | T7: ='STUDENT SCREENING'!BL7 -> 100 | U7: ='STUDENT SCREENING'!BM7 -> 88 | ... W7: ='STUDENT SCREENING'!BO7 -> 11 | X7: =IF('STUDENT SCREENING'!W7="","",IFERROR(INDEX('SCORING MASTER'!$D$5:$D$7,MATCH('STUDENT SCREENING'!W7,'SCORING MASTER'!$C$5:$C$7,0)),"")) -> 5 | Y7: =IF('STUDENT SCREENING'!X7="","",IFERROR(INDEX('SCORING MASTER'!$D$9:$D$11,MATCH('STUDENT SCREENING'!X7,'SCORING MASTER'!$C$9:$C$11,0)),"")) -> 3 | Z7: =IF('STUDENT SCREENING'!Y7="","",IFERROR(INDEX('SCORING MASTER'!$D$13:$D$15,MATCH('STUDENT SCREENING'!Y7,'SCORING MASTER'!$C$13:$C$15,0)),"")) -> 5 | AA7: =IF('STUDENT SCREENING'!Z7="","",IFERROR(INDEX('SCORING MASTER'!$D$17:$D$19,MATCH('STUDENT SCREENING'!Z7,'SCORING MASTER'!$C$17:$C$19,0)),"")) -> 3 | AB7: =IF('STUDENT SCREENING'!AA7="","",IFERROR(INDEX('SCORING MASTER'!$D$21:$D$23,MATCH('STUDENT SCREENING'!AA7,'SCORING MASTER'!$C$21:$C$23,0)),"")) -> 3 | AC7: =IF('STUDENT SCREENING'!AB7="","",IFERROR(INDEX('SCORING MASTER'!$D$25:$D$27,MATCH('STUDENT SCREENING'!AB7,'SCORING MASTER'!$C$25:$C$27,0)),"")) -> 5 | AD7: =IF('STUDENT SCREENING'!AC7="","",IFERROR(INDEX('SCORING MASTER'!$D$29:$D$31,MATCH('STUDENT SCREENING'!AC7,'SCORING MASTER'!$C$29:$C$31,0)),"")) -> 3 | AE7: =IF('STUDENT SCREENING'!AD7="","",IFERROR(INDEX('SCORING MASTER'!$D$33:$D$35,MATCH('STUDENT SCREENING'!AD7,'SCORING MASTER'!$C$33:$C$35,0)),"")) -> 3 | AF7: =IF('STUDENT SCREENING'!AE7="","",IFERROR(INDEX('SCORING MASTER'!$D$37:$D$39,MATCH('STUDENT SCREENING'!AE7,'SCORING MASTER'!$C$37:$C$39,0)),"")) -> 3 | AG7: =IF('STUDENT SCREENING'!AF7="","",IFERROR(INDEX('SCORING MASTER'!$D$41:$D$43,MATCH('STUDENT SCREENING'!AF7,'SCORING MASTER'!$C$41:$C$43,0)),"")) -> 3 | AH7: =IF('STUDENT SCREENING'!AG7="","",IFERROR(INDEX('SCORING MASTER'!$D$45:$D$47,MATCH('STUDENT SCREENING'!AG7,'SCORING MASTER'!$C$45:$C$47,0)),"")) -> 3 | AI7: =IF('STUDENT SCREENING'!AH7="","",IFERROR(INDEX('SCORING MASTER'!$D$49:$D$52,MATCH('STUDENT SCREENING'!AH7,'SCORING MASTER'!$C$49:$C$52,0)),"")) -> 5 | AJ7: =IF('STUDENT SCREENING'!AI7="","",IFERROR(INDEX('SCORING MASTER'!$D$54:$D$57,MATCH('STUDENT SCREENING'!AI7,'SCORING MASTER'!$C$54:$C$57,0)),"")) -> 5 | AK7: =IF('STUDENT SCREENING'!AJ7="","",IFERROR(INDEX('SCORING MASTER'!$D$59:$D$60,MATCH('STUDENT SCREENING'!AJ7,'SCORING MASTER'!$C$59:$C$60,0)),"")) -> 5 | AL7: =IF('STUDENT SCREENING'!AK7="","",IFERROR(INDEX('SCORING MASTER'!$D$62:$D$63,MATCH('STUDENT SCREENING'!AK7,'SCORING MASTER'!$C$62:$C$63,0)),"")) -> 5 | AM7: =IF('STUDENT SCREENING'!AL7="","",IFERROR(INDEX('SCORING MASTER'!$D$65:$D$66,MATCH('STUDENT SCREENING'!AL7,'SCORING MASTER'!$C$65:$C$66,0)),"")) -> 5 | AN7: =IF('STUDENT SCREENING'!AM7="","",IFERROR(INDEX('SCORING MASTER'!$D$68:$D$69,MATCH('STUDENT SCREENING'!AM7,'SCORING MASTER'!$C$68:$C$69,0)),"")) -> 5 | AO7: =IF('STUDENT SCREENING'!AN7="","",IFERROR(INDEX('SCORING MASTER'!$D$71:$D$72,MATCH('STUDENT SCREENING'!AN7,'SCORING MASTER'!$C$71:$C$72,0)),"")) -> 5 | AP7: =IF('STUDENT SCREENING'!AO7="","",IFERROR(INDEX('SCORING MASTER'!$D$74:$D$75,MATCH('STUDENT SCREENING'!AO7,'SCORING MASTER'!$C$74:$C$75,0)),"")) -> 5 | AQ7: =IF('STUDENT SCREENING'!AP7="","",IFERROR(INDEX('SCORING MASTER'!$D$77:$D$78,MATCH('STUDENT SCREENING'!AP7,'SCORING MASTER'!$C$77:$C$78,0)),"")) -> 5 | AR7: =IF('STUDENT SCREENING'!AQ7="","",IFERROR(INDEX('SCORING MASTER'!$D$80:$D$82,MATCH('STUDENT SCREENING'!AQ7,'SCORING MASTER'!$C$80:$C$82,0)),"")) -> 3 | AS7: =IF('STUDENT SCREENING'!AR7="","",IFERROR(INDEX('SCORING MASTER'!$D$84:$D$86,MATCH('STUDENT SCREENING'!AR7,'SCORING MASTER'!$C$84:$C$86,0)),"")) -> 3 | AT7: =IF('STUDENT SCREENING'!AS7="","",IFERROR(INDEX('SCORING MASTER'!$D$88:$D$90,MATCH('STUDENT SCREENING'!AS7,'SCORING MASTER'!$C$88:$C$90,0)),"")) -> 3 | AU7: =IF('STUDENT SCREENING'!AT7="","",IFERROR(INDEX('SCORING MASTER'!$D$92:$D$93,MATCH('STUDENT SCREENING'!AT7,'SCORING MASTER'!$C$92:$C$93,0)),"")) -> 5 | AV7: =IF('STUDENT SCREENING'!AU7="","",IFERROR(INDEX('SCORING MASTER'!$D$95:$D$96,MATCH('STUDENT SCREENING'!AU7,'SCORING MASTER'!$C$95:$C$96,0)),"")) -> 5 | AW7: =IF('STUDENT SCREENING'!AV7="","",IFERROR(INDEX('SCORING MASTER'!$D$98:$D$99,MATCH('STUDENT SCREENING'!AV7,'SCORING MASTER'!$C$98:$C$99,0)),"")) -> 5 | AX7: =IF('STUDENT SCREENING'!AW7="","",IFERROR(INDEX('SCORING MASTER'!$D$101:$D$102,MATCH('STUDENT SCREENING'!AW7,'SCORING MASTER'!$C$101:$C$102,0)),"")) -> 5 | AY7: =IF('STUDENT SCREENING'!AX7="","",IFERROR(INDEX('SCORING MASTER'!$D$104:$D$105,MATCH('STUDENT SCREENING'!AX7,'SCORING MASTER'!$C$104:$C$105,0)),"")) -> 5 | AZ7: =IF('STUDENT SCREENING'!AY7="","",IFERROR(INDEX('SCORING MASTER'!$D$107:$D$108,MATCH('STUDENT SCREENING'!AY7,'SCORING MASTER'!$C$107:$C$108,0)),"")) -> 5 | BA7: =IF('STUDENT SCREENING'!AZ7="","",IFERROR(INDEX('SCORING MASTER'!$D$110:$D$111,MATCH('STUDENT SCREENING'!AZ7,'SCORING MASTER'!$C$110:$C$111,0)),"")) -> 5 | BB7: =IF('STUDENT SCREENING'!BA7="","",IFERROR(INDEX('SCORING MASTER'!$D$113:$D$115,MATCH('STUDENT SCREENING'!BA7,'SCORING MASTER'!$C$113:$C$115,0)),"")) -> 5 | BC7: =IF('STUDENT SCREENING'!BB7="","",IFERROR(INDEX('SCORING MASTER'!$D$117:$D$119,MATCH('STUDENT SCREENING'!BB7,'SCORING MASTER'!$C$117:$C$119,0)),"")) -> 5 | BD7: =IF('STUDENT SCREENING'!BC7="","",IFERROR(INDEX('SCORING MASTER'!$D$121:$D$123,MATCH('STUDENT SCREENING'!BC7,'SCORING MASTER'!$C$121:$C$123,0)),"")) -> 5 | BE7: =IF('STUDENT SCREENING'!BD7="","",IFERROR(INDEX('SCORING MASTER'!$D$125:$D$126,MATCH('STUDENT SCREENING'!BD7,'SCORING MASTER'!$C$125:$C$126,0)),"")) -> 5 | BF7: =IF('STUDENT SCREENING'!BE7="","",IFERROR(INDEX('SCORING MASTER'!$D$128:$D$129,MATCH('STUDENT SCREENING'!BE7,'SCORING MASTER'!$C$128:$C$129,0)),"")) -> 5 | BG7: =IF('STUDENT SCREENING'!BP7="","",IFERROR(MATCH('STUDENT SCREENING'!BP7,{"Red - High Risk","Orange - Moderate Risk","Yellow - Mild Risk","Light Green - Mild Watch","Green - Healthy"},0)-1,"")) -> 3 | BH7: =IF('STUDENT SCREENING'!BQ7="","",IF('STUDENT SCREENING'!BQ7="Yes",1,0)) -> 0 | BI7: =IF('STUDENT SCREENING'!BR7="","",IF('STUDENT SCREENING'!BR7="Yes",1,0)) -> 0
A8: ='STUDENT SCREENING'!A8 -> STU000005 | B8: ='STUDENT SCREENING'!C8 -> Delhi Public School | C8: ='STUDENT SCREENING'!D8 -> South Delhi | D8: ='STUDENT SCREENING'!E8 -> Delhi | E8: ='STUDENT SCREENING'!F8 -> 10 | F8: ='STUDENT SCREENING'!K8 -> Male | G8: ='STUDENT SCREENING'!J8 -> 15 | H8: =IF('STUDENT SCREENING'!K8="","",IFERROR(MATCH('STUDENT SCREENING'!K8,Adm_Gender,0),"")) -> 1 | I8: ='STUDENT SCREENING'!Q8 -> 163 | J8: ='STUDENT SCREENING'!R8 -> 72 | K8: ='STUDENT SCREENING'!S8 -> 27.1 | L8: ='STUDENT SCREENING'!U8 -> 25 | M8: ='STUDENT SCREENING'!V8 -> 88 | N8: ='STUDENT SCREENING'!BF8 -> 65 | O8: ='STUDENT SCREENING'!BG8 -> 31 | P8: ='STUDENT SCREENING'!BH8 -> 33 | Q8: ='STUDENT SCREENING'!BI8 -> 100 | R8: ='STUDENT SCREENING'!BJ8 -> 67 | S8: ='STUDENT SCREENING'!BK8 -> 25 | T8: ='STUDENT SCREENING'!BL8 -> 52 | U8: ='STUDENT SCREENING'!BM8 -> 54 | ... W8: ='STUDENT SCREENING'!BO8 -> 52 | X8: =IF('STUDENT SCREENING'!W8="","",IFERROR(INDEX('SCORING MASTER'!$D$5:$D$7,MATCH('STUDENT SCREENING'!W8,'SCORING MASTER'!$C$5:$C$7,0)),"")) -> 3 | Y8: =IF('STUDENT SCREENING'!X8="","",IFERROR(INDEX('SCORING MASTER'!$D$9:$D$11,MATCH('STUDENT SCREENING'!X8,'SCORING MASTER'!$C$9:$C$11,0)),"")) -> 0 | Z8: =IF('STUDENT SCREENING'!Y8="","",IFERROR(INDEX('SCORING MASTER'!$D$13:$D$15,MATCH('STUDENT SCREENING'!Y8,'SCORING MASTER'!$C$13:$C$15,0)),"")) -> 0 | AA8: =IF('STUDENT SCREENING'!Z8="","",IFERROR(INDEX('SCORING MASTER'!$D$17:$D$19,MATCH('STUDENT SCREENING'!Z8,'SCORING MASTER'!$C$17:$C$19,0)),"")) -> 5 | AB8: =IF('STUDENT SCREENING'!AA8="","",IFERROR(INDEX('SCORING MASTER'!$D$21:$D$23,MATCH('STUDENT SCREENING'!AA8,'SCORING MASTER'!$C$21:$C$23,0)),"")) -> 0 | AC8: =IF('STUDENT SCREENING'!AB8="","",IFERROR(INDEX('SCORING MASTER'!$D$25:$D$27,MATCH('STUDENT SCREENING'!AB8,'SCORING MASTER'!$C$25:$C$27,0)),"")) -> 0 | AD8: =IF('STUDENT SCREENING'!AC8="","",IFERROR(INDEX('SCORING MASTER'!$D$29:$D$31,MATCH('STUDENT SCREENING'!AC8,'SCORING MASTER'!$C$29:$C$31,0)),"")) -> 3 | AE8: =IF('STUDENT SCREENING'!AD8="","",IFERROR(INDEX('SCORING MASTER'!$D$33:$D$35,MATCH('STUDENT SCREENING'!AD8,'SCORING MASTER'!$C$33:$C$35,0)),"")) -> 0 | AF8: =IF('STUDENT SCREENING'!AE8="","",IFERROR(INDEX('SCORING MASTER'!$D$37:$D$39,MATCH('STUDENT SCREENING'!AE8,'SCORING MASTER'!$C$37:$C$39,0)),"")) -> 0 | AG8: =IF('STUDENT SCREENING'!AF8="","",IFERROR(INDEX('SCORING MASTER'!$D$41:$D$43,MATCH('STUDENT SCREENING'!AF8,'SCORING MASTER'!$C$41:$C$43,0)),"")) -> 0 | AH8: =IF('STUDENT SCREENING'!AG8="","",IFERROR(INDEX('SCORING MASTER'!$D$45:$D$47,MATCH('STUDENT SCREENING'!AG8,'SCORING MASTER'!$C$45:$C$47,0)),"")) -> 0 | AI8: =IF('STUDENT SCREENING'!AH8="","",IFERROR(INDEX('SCORING MASTER'!$D$49:$D$52,MATCH('STUDENT SCREENING'!AH8,'SCORING MASTER'!$C$49:$C$52,0)),"")) -> 5 | AJ8: =IF('STUDENT SCREENING'!AI8="","",IFERROR(INDEX('SCORING MASTER'!$D$54:$D$57,MATCH('STUDENT SCREENING'!AI8,'SCORING MASTER'!$C$54:$C$57,0)),"")) -> 5 | AK8: =IF('STUDENT SCREENING'!AJ8="","",IFERROR(INDEX('SCORING MASTER'!$D$59:$D$60,MATCH('STUDENT SCREENING'!AJ8,'SCORING MASTER'!$C$59:$C$60,0)),"")) -> 5 | AL8: =IF('STUDENT SCREENING'!AK8="","",IFERROR(INDEX('SCORING MASTER'!$D$62:$D$63,MATCH('STUDENT SCREENING'!AK8,'SCORING MASTER'!$C$62:$C$63,0)),"")) -> 5 | AM8: =IF('STUDENT SCREENING'!AL8="","",IFERROR(INDEX('SCORING MASTER'!$D$65:$D$66,MATCH('STUDENT SCREENING'!AL8,'SCORING MASTER'!$C$65:$C$66,0)),"")) -> 5 | AN8: =IF('STUDENT SCREENING'!AM8="","",IFERROR(INDEX('SCORING MASTER'!$D$68:$D$69,MATCH('STUDENT SCREENING'!AM8,'SCORING MASTER'!$C$68:$C$69,0)),"")) -> 5 | AO8: =IF('STUDENT SCREENING'!AN8="","",IFERROR(INDEX('SCORING MASTER'!$D$71:$D$72,MATCH('STUDENT SCREENING'!AN8,'SCORING MASTER'!$C$71:$C$72,0)),"")) -> 5 | AP8: =IF('STUDENT SCREENING'!AO8="","",IFERROR(INDEX('SCORING MASTER'!$D$74:$D$75,MATCH('STUDENT SCREENING'!AO8,'SCORING MASTER'!$C$74:$C$75,0)),"")) -> 5 | AQ8: =IF('STUDENT SCREENING'!AP8="","",IFERROR(INDEX('SCORING MASTER'!$D$77:$D$78,MATCH('STUDENT SCREENING'!AP8,'SCORING MASTER'!$C$77:$C$78,0)),"")) -> 5 | AR8: =IF('STUDENT SCREENING'!AQ8="","",IFERROR(INDEX('SCORING MASTER'!$D$80:$D$82,MATCH('STUDENT SCREENING'!AQ8,'SCORING MASTER'!$C$80:$C$82,0)),"")) -> 0 | AS8: =IF('STUDENT SCREENING'!AR8="","",IFERROR(INDEX('SCORING MASTER'!$D$84:$D$86,MATCH('STUDENT SCREENING'!AR8,'SCORING MASTER'!$C$84:$C$86,0)),"")) -> 0 | AT8: =IF('STUDENT SCREENING'!AS8="","",IFERROR(INDEX('SCORING MASTER'!$D$88:$D$90,MATCH('STUDENT SCREENING'!AS8,'SCORING MASTER'!$C$88:$C$90,0)),"")) -> 0 | AU8: =IF('STUDENT SCREENING'!AT8="","",IFERROR(INDEX('SCORING MASTER'!$D$92:$D$93,MATCH('STUDENT SCREENING'!AT8,'SCORING MASTER'!$C$92:$C$93,0)),"")) -> 5 | AV8: =IF('STUDENT SCREENING'!AU8="","",IFERROR(INDEX('SCORING MASTER'!$D$95:$D$96,MATCH('STUDENT SCREENING'!AU8,'SCORING MASTER'!$C$95:$C$96,0)),"")) -> 5 | AW8: =IF('STUDENT SCREENING'!AV8="","",IFERROR(INDEX('SCORING MASTER'!$D$98:$D$99,MATCH('STUDENT SCREENING'!AV8,'SCORING MASTER'!$C$98:$C$99,0)),"")) -> 0 | AX8: =IF('STUDENT SCREENING'!AW8="","",IFERROR(INDEX('SCORING MASTER'!$D$101:$D$102,MATCH('STUDENT SCREENING'!AW8,'SCORING MASTER'!$C$101:$C$102,0)),"")) -> 0 | AY8: =IF('STUDENT SCREENING'!AX8="","",IFERROR(INDEX('SCORING MASTER'!$D$104:$D$105,MATCH('STUDENT SCREENING'!AX8,'SCORING MASTER'!$C$104:$C$105,0)),"")) -> 5 | AZ8: =IF('STUDENT SCREENING'!AY8="","",IFERROR(INDEX('SCORING MASTER'!$D$107:$D$108,MATCH('STUDENT SCREENING'!AY8,'SCORING MASTER'!$C$107:$C$108,0)),"")) -> 5 | BA8: =IF('STUDENT SCREENING'!AZ8="","",IFERROR(INDEX('SCORING MASTER'!$D$110:$D$111,MATCH('STUDENT SCREENING'!AZ8,'SCORING MASTER'!$C$110:$C$111,0)),"")) -> 5 | BB8: =IF('STUDENT SCREENING'!BA8="","",IFERROR(INDEX('SCORING MASTER'!$D$113:$D$115,MATCH('STUDENT SCREENING'!BA8,'SCORING MASTER'!$C$113:$C$115,0)),"")) -> 5 | BC8: =IF('STUDENT SCREENING'!BB8="","",IFERROR(INDEX('SCORING MASTER'!$D$117:$D$119,MATCH('STUDENT SCREENING'!BB8,'SCORING MASTER'!$C$117:$C$119,0)),"")) -> 5 | BD8: =IF('STUDENT SCREENING'!BC8="","",IFERROR(INDEX('SCORING MASTER'!$D$121:$D$123,MATCH('STUDENT SCREENING'!BC8,'SCORING MASTER'!$C$121:$C$123,0)),"")) -> 3 | BE8: =IF('STUDENT SCREENING'!BD8="","",IFERROR(INDEX('SCORING MASTER'!$D$125:$D$126,MATCH('STUDENT SCREENING'!BD8,'SCORING MASTER'!$C$125:$C$126,0)),"")) -> 0 | BF8: =IF('STUDENT SCREENING'!BE8="","",IFERROR(INDEX('SCORING MASTER'!$D$128:$D$129,MATCH('STUDENT SCREENING'!BE8,'SCORING MASTER'!$C$128:$C$129,0)),"")) -> 0 | BG8: =IF('STUDENT SCREENING'!BP8="","",IFERROR(MATCH('STUDENT SCREENING'!BP8,{"Red - High Risk","Orange - Moderate Risk","Yellow - Mild Risk","Light Green - Mild Watch","Green - Healthy"},0)-1,"")) -> 1 | BH8: =IF('STUDENT SCREENING'!BQ8="","",IF('STUDENT SCREENING'!BQ8="Yes",1,0)) -> 1 | BI8: =IF('STUDENT SCREENING'!BR8="","",IF('STUDENT SCREENING'!BR8="Yes",1,0)) -> 1
A9: ='STUDENT SCREENING'!A9 -> STU000006 | B9: ='STUDENT SCREENING'!C9 -> Delhi Public School | C9: ='STUDENT SCREENING'!D9 -> South Delhi | D9: ='STUDENT SCREENING'!E9 -> Delhi | E9: ='STUDENT SCREENING'!F9 -> 9 | F9: ='STUDENT SCREENING'!K9 -> Female | G9: ='STUDENT SCREENING'!J9 -> 14 | H9: =IF('STUDENT SCREENING'!K9="","",IFERROR(MATCH('STUDENT SCREENING'!K9,Adm_Gender,0),"")) -> 2 | I9: ='STUDENT SCREENING'!Q9 -> 150 | J9: ='STUDENT SCREENING'!R9 -> 38 | K9: ='STUDENT SCREENING'!S9 -> 16.9 | L9: ='STUDENT SCREENING'!U9 -> 19 | M9: ='STUDENT SCREENING'!V9 -> 58 | N9: ='STUDENT SCREENING'!BF9 -> 45 | O9: ='STUDENT SCREENING'!BG9 -> 83 | P9: ='STUDENT SCREENING'!BH9 -> 93 | Q9: ='STUDENT SCREENING'!BI9 -> 100 | R9: ='STUDENT SCREENING'!BJ9 -> 100 | S9: ='STUDENT SCREENING'!BK9 -> 100 | T9: ='STUDENT SCREENING'!BL9 -> 100 | U9: ='STUDENT SCREENING'!BM9 -> 82 | ... W9: ='STUDENT SCREENING'!BO9 -> 36 | X9: =IF('STUDENT SCREENING'!W9="","",IFERROR(INDEX('SCORING MASTER'!$D$5:$D$7,MATCH('STUDENT SCREENING'!W9,'SCORING MASTER'!$C$5:$C$7,0)),"")) -> 5 | Y9: =IF('STUDENT SCREENING'!X9="","",IFERROR(INDEX('SCORING MASTER'!$D$9:$D$11,MATCH('STUDENT SCREENING'!X9,'SCORING MASTER'!$C$9:$C$11,0)),"")) -> 5 | Z9: =IF('STUDENT SCREENING'!Y9="","",IFERROR(INDEX('SCORING MASTER'!$D$13:$D$15,MATCH('STUDENT SCREENING'!Y9,'SCORING MASTER'!$C$13:$C$15,0)),"")) -> 5 | AA9: =IF('STUDENT SCREENING'!Z9="","",IFERROR(INDEX('SCORING MASTER'!$D$17:$D$19,MATCH('STUDENT SCREENING'!Z9,'SCORING MASTER'!$C$17:$C$19,0)),"")) -> 3 | AB9: =IF('STUDENT SCREENING'!AA9="","",IFERROR(INDEX('SCORING MASTER'!$D$21:$D$23,MATCH('STUDENT SCREENING'!AA9,'SCORING MASTER'!$C$21:$C$23,0)),"")) -> 3 | AC9: =IF('STUDENT SCREENING'!AB9="","",IFERROR(INDEX('SCORING MASTER'!$D$25:$D$27,MATCH('STUDENT SCREENING'!AB9,'SCORING MASTER'!$C$25:$C$27,0)),"")) -> 3 | AD9: =IF('STUDENT SCREENING'!AC9="","",IFERROR(INDEX('SCORING MASTER'!$D$29:$D$31,MATCH('STUDENT SCREENING'!AC9,'SCORING MASTER'!$C$29:$C$31,0)),"")) -> 5 | AE9: =IF('STUDENT SCREENING'!AD9="","",IFERROR(INDEX('SCORING MASTER'!$D$33:$D$35,MATCH('STUDENT SCREENING'!AD9,'SCORING MASTER'!$C$33:$C$35,0)),"")) -> 5 | AF9: =IF('STUDENT SCREENING'!AE9="","",IFERROR(INDEX('SCORING MASTER'!$D$37:$D$39,MATCH('STUDENT SCREENING'!AE9,'SCORING MASTER'!$C$37:$C$39,0)),"")) -> 3 | AG9: =IF('STUDENT SCREENING'!AF9="","",IFERROR(INDEX('SCORING MASTER'!$D$41:$D$43,MATCH('STUDENT SCREENING'!AF9,'SCORING MASTER'!$C$41:$C$43,0)),"")) -> 5 | AH9: =IF('STUDENT SCREENING'!AG9="","",IFERROR(INDEX('SCORING MASTER'!$D$45:$D$47,MATCH('STUDENT SCREENING'!AG9,'SCORING MASTER'!$C$45:$C$47,0)),"")) -> 5 | AI9: =IF('STUDENT SCREENING'!AH9="","",IFERROR(INDEX('SCORING MASTER'!$D$49:$D$52,MATCH('STUDENT SCREENING'!AH9,'SCORING MASTER'!$C$49:$C$52,0)),"")) -> 5 | AJ9: =IF('STUDENT SCREENING'!AI9="","",IFERROR(INDEX('SCORING MASTER'!$D$54:$D$57,MATCH('STUDENT SCREENING'!AI9,'SCORING MASTER'!$C$54:$C$57,0)),"")) -> 5 | AK9: =IF('STUDENT SCREENING'!AJ9="","",IFERROR(INDEX('SCORING MASTER'!$D$59:$D$60,MATCH('STUDENT SCREENING'!AJ9,'SCORING MASTER'!$C$59:$C$60,0)),"")) -> 5 | AL9: =IF('STUDENT SCREENING'!AK9="","",IFERROR(INDEX('SCORING MASTER'!$D$62:$D$63,MATCH('STUDENT SCREENING'!AK9,'SCORING MASTER'!$C$62:$C$63,0)),"")) -> 5 | AM9: =IF('STUDENT SCREENING'!AL9="","",IFERROR(INDEX('SCORING MASTER'!$D$65:$D$66,MATCH('STUDENT SCREENING'!AL9,'SCORING MASTER'!$C$65:$C$66,0)),"")) -> 5 | AN9: =IF('STUDENT SCREENING'!AM9="","",IFERROR(INDEX('SCORING MASTER'!$D$68:$D$69,MATCH('STUDENT SCREENING'!AM9,'SCORING MASTER'!$C$68:$C$69,0)),"")) -> 5 | AO9: =IF('STUDENT SCREENING'!AN9="","",IFERROR(INDEX('SCORING MASTER'!$D$71:$D$72,MATCH('STUDENT SCREENING'!AN9,'SCORING MASTER'!$C$71:$C$72,0)),"")) -> 5 | AP9: =IF('STUDENT SCREENING'!AO9="","",IFERROR(INDEX('SCORING MASTER'!$D$74:$D$75,MATCH('STUDENT SCREENING'!AO9,'SCORING MASTER'!$C$74:$C$75,0)),"")) -> 5 | AQ9: =IF('STUDENT SCREENING'!AP9="","",IFERROR(INDEX('SCORING MASTER'!$D$77:$D$78,MATCH('STUDENT SCREENING'!AP9,'SCORING MASTER'!$C$77:$C$78,0)),"")) -> 5 | AR9: =IF('STUDENT SCREENING'!AQ9="","",IFERROR(INDEX('SCORING MASTER'!$D$80:$D$82,MATCH('STUDENT SCREENING'!AQ9,'SCORING MASTER'!$C$80:$C$82,0)),"")) -> 5 | AS9: =IF('STUDENT SCREENING'!AR9="","",IFERROR(INDEX('SCORING MASTER'!$D$84:$D$86,MATCH('STUDENT SCREENING'!AR9,'SCORING MASTER'!$C$84:$C$86,0)),"")) -> 5 | AT9: =IF('STUDENT SCREENING'!AS9="","",IFERROR(INDEX('SCORING MASTER'!$D$88:$D$90,MATCH('STUDENT SCREENING'!AS9,'SCORING MASTER'!$C$88:$C$90,0)),"")) -> 5 | AU9: =IF('STUDENT SCREENING'!AT9="","",IFERROR(INDEX('SCORING MASTER'!$D$92:$D$93,MATCH('STUDENT SCREENING'!AT9,'SCORING MASTER'!$C$92:$C$93,0)),"")) -> 5 | AV9: =IF('STUDENT SCREENING'!AU9="","",IFERROR(INDEX('SCORING MASTER'!$D$95:$D$96,MATCH('STUDENT SCREENING'!AU9,'SCORING MASTER'!$C$95:$C$96,0)),"")) -> 5 | AW9: =IF('STUDENT SCREENING'!AV9="","",IFERROR(INDEX('SCORING MASTER'!$D$98:$D$99,MATCH('STUDENT SCREENING'!AV9,'SCORING MASTER'!$C$98:$C$99,0)),"")) -> 5 | AX9: =IF('STUDENT SCREENING'!AW9="","",IFERROR(INDEX('SCORING MASTER'!$D$101:$D$102,MATCH('STUDENT SCREENING'!AW9,'SCORING MASTER'!$C$101:$C$102,0)),"")) -> 5 | AY9: =IF('STUDENT SCREENING'!AX9="","",IFERROR(INDEX('SCORING MASTER'!$D$104:$D$105,MATCH('STUDENT SCREENING'!AX9,'SCORING MASTER'!$C$104:$C$105,0)),"")) -> 5 | AZ9: =IF('STUDENT SCREENING'!AY9="","",IFERROR(INDEX('SCORING MASTER'!$D$107:$D$108,MATCH('STUDENT SCREENING'!AY9,'SCORING MASTER'!$C$107:$C$108,0)),"")) -> 5 | BA9: =IF('STUDENT SCREENING'!AZ9="","",IFERROR(INDEX('SCORING MASTER'!$D$110:$D$111,MATCH('STUDENT SCREENING'!AZ9,'SCORING MASTER'!$C$110:$C$111,0)),"")) -> 5 | BB9: =IF('STUDENT SCREENING'!BA9="","",IFERROR(INDEX('SCORING MASTER'!$D$113:$D$115,MATCH('STUDENT SCREENING'!BA9,'SCORING MASTER'!$C$113:$C$115,0)),"")) -> 5 | BC9: =IF('STUDENT SCREENING'!BB9="","",IFERROR(INDEX('SCORING MASTER'!$D$117:$D$119,MATCH('STUDENT SCREENING'!BB9,'SCORING MASTER'!$C$117:$C$119,0)),"")) -> 5 | BD9: =IF('STUDENT SCREENING'!BC9="","",IFERROR(INDEX('SCORING MASTER'!$D$121:$D$123,MATCH('STUDENT SCREENING'!BC9,'SCORING MASTER'!$C$121:$C$123,0)),"")) -> 5 | BE9: =IF('STUDENT SCREENING'!BD9="","",IFERROR(INDEX('SCORING MASTER'!$D$125:$D$126,MATCH('STUDENT SCREENING'!BD9,'SCORING MASTER'!$C$125:$C$126,0)),"")) -> 5 | BF9: =IF('STUDENT SCREENING'!BE9="","",IFERROR(INDEX('SCORING MASTER'!$D$128:$D$129,MATCH('STUDENT SCREENING'!BE9,'SCORING MASTER'!$C$128:$C$129,0)),"")) -> 5 | BG9: =IF('STUDENT SCREENING'!BP9="","",IFERROR(MATCH('STUDENT SCREENING'!BP9,{"Red - High Risk","Orange - Moderate Risk","Yellow - Mild Risk","Light Green - Mild Watch","Green - Healthy"},0)-1,"")) -> 3 | BH9: =IF('STUDENT SCREENING'!BQ9="","",IF('STUDENT SCREENING'!BQ9="Yes",1,0)) -> 0 | BI9: =IF('STUDENT SCREENING'!BR9="","",IF('STUDENT SCREENING'!BR9="Yes",1,0)) -> 0
A10: ='STUDENT SCREENING'!A10 | B10: ='STUDENT SCREENING'!C10 -> 0 | C10: ='STUDENT SCREENING'!D10 -> 0 | D10: ='STUDENT SCREENING'!E10 -> 0 | E10: ='STUDENT SCREENING'!F10 -> 0 | F10: ='STUDENT SCREENING'!K10 -> 0 | G10: ='STUDENT SCREENING'!J10 -> 0 | H10: =IF('STUDENT SCREENING'!K10="","",IFERROR(MATCH('STUDENT SCREENING'!K10,Adm_Gender,0),"")) | I10: ='STUDENT SCREENING'!Q10 -> 0 | J10: ='STUDENT SCREENING'!R10 -> 0 | K10: ='STUDENT SCREENING'!S10 | L10: ='STUDENT SCREENING'!U10 -> 0 | M10: ='STUDENT SCREENING'!V10 -> 0 | N10: ='STUDENT SCREENING'!BF10 | O10: ='STUDENT SCREENING'!BG10 | P10: ='STUDENT SCREENING'!BH10 | Q10: ='STUDENT SCREENING'!BI10 | R10: ='STUDENT SCREENING'!BJ10 | S10: ='STUDENT SCREENING'!BK10 | T10: ='STUDENT SCREENING'!BL10 | U10: ='STUDENT SCREENING'!BM10 | ... W10: ='STUDENT SCREENING'!BO10 | X10: =IF('STUDENT SCREENING'!W10="","",IFERROR(INDEX('SCORING MASTER'!$D$5:$D$7,MATCH('STUDENT SCREENING'!W10,'SCORING MASTER'!$C$5:$C$7,0)),"")) | Y10: =IF('STUDENT SCREENING'!X10="","",IFERROR(INDEX('SCORING MASTER'!$D$9:$D$11,MATCH('STUDENT SCREENING'!X10,'SCORING MASTER'!$C$9:$C$11,0)),"")) | Z10: =IF('STUDENT SCREENING'!Y10="","",IFERROR(INDEX('SCORING MASTER'!$D$13:$D$15,MATCH('STUDENT SCREENING'!Y10,'SCORING MASTER'!$C$13:$C$15,0)),"")) | AA10: =IF('STUDENT SCREENING'!Z10="","",IFERROR(INDEX('SCORING MASTER'!$D$17:$D$19,MATCH('STUDENT SCREENING'!Z10,'SCORING MASTER'!$C$17:$C$19,0)),"")) | AB10: =IF('STUDENT SCREENING'!AA10="","",IFERROR(INDEX('SCORING MASTER'!$D$21:$D$23,MATCH('STUDENT SCREENING'!AA10,'SCORING MASTER'!$C$21:$C$23,0)),"")) | AC10: =IF('STUDENT SCREENING'!AB10="","",IFERROR(INDEX('SCORING MASTER'!$D$25:$D$27,MATCH('STUDENT SCREENING'!AB10,'SCORING MASTER'!$C$25:$C$27,0)),"")) | AD10: =IF('STUDENT SCREENING'!AC10="","",IFERROR(INDEX('SCORING MASTER'!$D$29:$D$31,MATCH('STUDENT SCREENING'!AC10,'SCORING MASTER'!$C$29:$C$31,0)),"")) | AE10: =IF('STUDENT SCREENING'!AD10="","",IFERROR(INDEX('SCORING MASTER'!$D$33:$D$35,MATCH('STUDENT SCREENING'!AD10,'SCORING MASTER'!$C$33:$C$35,0)),"")) | AF10: =IF('STUDENT SCREENING'!AE10="","",IFERROR(INDEX('SCORING MASTER'!$D$37:$D$39,MATCH('STUDENT SCREENING'!AE10,'SCORING MASTER'!$C$37:$C$39,0)),"")) | AG10: =IF('STUDENT SCREENING'!AF10="","",IFERROR(INDEX('SCORING MASTER'!$D$41:$D$43,MATCH('STUDENT SCREENING'!AF10,'SCORING MASTER'!$C$41:$C$43,0)),"")) | AH10: =IF('STUDENT SCREENING'!AG10="","",IFERROR(INDEX('SCORING MASTER'!$D$45:$D$47,MATCH('STUDENT SCREENING'!AG10,'SCORING MASTER'!$C$45:$C$47,0)),"")) | AI10: =IF('STUDENT SCREENING'!AH10="","",IFERROR(INDEX('SCORING MASTER'!$D$49:$D$52,MATCH('STUDENT SCREENING'!AH10,'SCORING MASTER'!$C$49:$C$52,0)),"")) | AJ10: =IF('STUDENT SCREENING'!AI10="","",IFERROR(INDEX('SCORING MASTER'!$D$54:$D$57,MATCH('STUDENT SCREENING'!AI10,'SCORING MASTER'!$C$54:$C$57,0)),"")) | AK10: =IF('STUDENT SCREENING'!AJ10="","",IFERROR(INDEX('SCORING MASTER'!$D$59:$D$60,MATCH('STUDENT SCREENING'!AJ10,'SCORING MASTER'!$C$59:$C$60,0)),"")) | AL10: =IF('STUDENT SCREENING'!AK10="","",IFERROR(INDEX('SCORING MASTER'!$D$62:$D$63,MATCH('STUDENT SCREENING'!AK10,'SCORING MASTER'!$C$62:$C$63,0)),"")) | AM10: =IF('STUDENT SCREENING'!AL10="","",IFERROR(INDEX('SCORING MASTER'!$D$65:$D$66,MATCH('STUDENT SCREENING'!AL10,'SCORING MASTER'!$C$65:$C$66,0)),"")) | AN10: =IF('STUDENT SCREENING'!AM10="","",IFERROR(INDEX('SCORING MASTER'!$D$68:$D$69,MATCH('STUDENT SCREENING'!AM10,'SCORING MASTER'!$C$68:$C$69,0)),"")) | AO10: =IF('STUDENT SCREENING'!AN10="","",IFERROR(INDEX('SCORING MASTER'!$D$71:$D$72,MATCH('STUDENT SCREENING'!AN10,'SCORING MASTER'!$C$71:$C$72,0)),"")) | AP10: =IF('STUDENT SCREENING'!AO10="","",IFERROR(INDEX('SCORING MASTER'!$D$74:$D$75,MATCH('STUDENT SCREENING'!AO10,'SCORING MASTER'!$C$74:$C$75,0)),"")) | AQ10: =IF('STUDENT SCREENING'!AP10="","",IFERROR(INDEX('SCORING MASTER'!$D$77:$D$78,MATCH('STUDENT SCREENING'!AP10,'SCORING MASTER'!$C$77:$C$78,0)),"")) | AR10: =IF('STUDENT SCREENING'!AQ10="","",IFERROR(INDEX('SCORING MASTER'!$D$80:$D$82,MATCH('STUDENT SCREENING'!AQ10,'SCORING MASTER'!$C$80:$C$82,0)),"")) | AS10: =IF('STUDENT SCREENING'!AR10="","",IFERROR(INDEX('SCORING MASTER'!$D$84:$D$86,MATCH('STUDENT SCREENING'!AR10,'SCORING MASTER'!$C$84:$C$86,0)),"")) | AT10: =IF('STUDENT SCREENING'!AS10="","",IFERROR(INDEX('SCORING MASTER'!$D$88:$D$90,MATCH('STUDENT SCREENING'!AS10,'SCORING MASTER'!$C$88:$C$90,0)),"")) | AU10: =IF('STUDENT SCREENING'!AT10="","",IFERROR(INDEX('SCORING MASTER'!$D$92:$D$93,MATCH('STUDENT SCREENING'!AT10,'SCORING MASTER'!$C$92:$C$93,0)),"")) | AV10: =IF('STUDENT SCREENING'!AU10="","",IFERROR(INDEX('SCORING MASTER'!$D$95:$D$96,MATCH('STUDENT SCREENING'!AU10,'SCORING MASTER'!$C$95:$C$96,0)),"")) | AW10: =IF('STUDENT SCREENING'!AV10="","",IFERROR(INDEX('SCORING MASTER'!$D$98:$D$99,MATCH('STUDENT SCREENING'!AV10,'SCORING MASTER'!$C$98:$C$99,0)),"")) | AX10: =IF('STUDENT SCREENING'!AW10="","",IFERROR(INDEX('SCORING MASTER'!$D$101:$D$102,MATCH('STUDENT SCREENING'!AW10,'SCORING MASTER'!$C$101:$C$102,0)),"")) | AY10: =IF('STUDENT SCREENING'!AX10="","",IFERROR(INDEX('SCORING MASTER'!$D$104:$D$105,MATCH('STUDENT SCREENING'!AX10,'SCORING MASTER'!$C$104:$C$105,0)),"")) | AZ10: =IF('STUDENT SCREENING'!AY10="","",IFERROR(INDEX('SCORING MASTER'!$D$107:$D$108,MATCH('STUDENT SCREENING'!AY10,'SCORING MASTER'!$C$107:$C$108,0)),"")) | BA10: =IF('STUDENT SCREENING'!AZ10="","",IFERROR(INDEX('SCORING MASTER'!$D$110:$D$111,MATCH('STUDENT SCREENING'!AZ10,'SCORING MASTER'!$C$110:$C$111,0)),"")) | BB10: =IF('STUDENT SCREENING'!BA10="","",IFERROR(INDEX('SCORING MASTER'!$D$113:$D$115,MATCH('STUDENT SCREENING'!BA10,'SCORING MASTER'!$C$113:$C$115,0)),"")) | BC10: =IF('STUDENT SCREENING'!BB10="","",IFERROR(INDEX('SCORING MASTER'!$D$117:$D$119,MATCH('STUDENT SCREENING'!BB10,'SCORING MASTER'!$C$117:$C$119,0)),"")) | BD10: =IF('STUDENT SCREENING'!BC10="","",IFERROR(INDEX('SCORING MASTER'!$D$121:$D$123,MATCH('STUDENT SCREENING'!BC10,'SCORING MASTER'!$C$121:$C$123,0)),"")) | BE10: =IF('STUDENT SCREENING'!BD10="","",IFERROR(INDEX('SCORING MASTER'!$D$125:$D$126,MATCH('STUDENT SCREENING'!BD10,'SCORING MASTER'!$C$125:$C$126,0)),"")) | BF10: =IF('STUDENT SCREENING'!BE10="","",IFERROR(INDEX('SCORING MASTER'!$D$128:$D$129,MATCH('STUDENT SCREENING'!BE10,'SCORING MASTER'!$C$128:$C$129,0)),"")) | BG10: =IF('STUDENT SCREENING'!BP10="","",IFERROR(MATCH('STUDENT SCREENING'!BP10,{"Red - High Risk","Orange - Moderate Risk","Yellow - Mild Risk","Light Green - Mild Watch","Green - Healthy"},0)-1,"")) | BH10: =IF('STUDENT SCREENING'!BQ10="","",IF('STUDENT SCREENING'!BQ10="Yes",1,0)) | BI10: =IF('STUDENT SCREENING'!BR10="","",IF('STUDENT SCREENING'!BR10="Yes",1,0))
A11: ='STUDENT SCREENING'!A11 | B11: ='STUDENT SCREENING'!C11 -> 0 | C11: ='STUDENT SCREENING'!D11 -> 0 | D11: ='STUDENT SCREENING'!E11 -> 0 | E11: ='STUDENT SCREENING'!F11 -> 0 | F11: ='STUDENT SCREENING'!K11 -> 0 | G11: ='STUDENT SCREENING'!J11 -> 0 | H11: =IF('STUDENT SCREENING'!K11="","",IFERROR(MATCH('STUDENT SCREENING'!K11,Adm_Gender,0),"")) | I11: ='STUDENT SCREENING'!Q11 -> 0 | J11: ='STUDENT SCREENING'!R11 -> 0 | K11: ='STUDENT SCREENING'!S11 | L11: ='STUDENT SCREENING'!U11 -> 0 | M11: ='STUDENT SCREENING'!V11 -> 0 | N11: ='STUDENT SCREENING'!BF11 | O11: ='STUDENT SCREENING'!BG11 | P11: ='STUDENT SCREENING'!BH11 | Q11: ='STUDENT SCREENING'!BI11 | R11: ='STUDENT SCREENING'!BJ11 | S11: ='STUDENT SCREENING'!BK11 | T11: ='STUDENT SCREENING'!BL11 | U11: ='STUDENT SCREENING'!BM11 | ... W11: ='STUDENT SCREENING'!BO11 | X11: =IF('STUDENT SCREENING'!W11="","",IFERROR(INDEX('SCORING MASTER'!$D$5:$D$7,MATCH('STUDENT SCREENING'!W11,'SCORING MASTER'!$C$5:$C$7,0)),"")) | Y11: =IF('STUDENT SCREENING'!X11="","",IFERROR(INDEX('SCORING MASTER'!$D$9:$D$11,MATCH('STUDENT SCREENING'!X11,'SCORING MASTER'!$C$9:$C$11,0)),"")) | Z11: =IF('STUDENT SCREENING'!Y11="","",IFERROR(INDEX('SCORING MASTER'!$D$13:$D$15,MATCH('STUDENT SCREENING'!Y11,'SCORING MASTER'!$C$13:$C$15,0)),"")) | AA11: =IF('STUDENT SCREENING'!Z11="","",IFERROR(INDEX('SCORING MASTER'!$D$17:$D$19,MATCH('STUDENT SCREENING'!Z11,'SCORING MASTER'!$C$17:$C$19,0)),"")) | AB11: =IF('STUDENT SCREENING'!AA11="","",IFERROR(INDEX('SCORING MASTER'!$D$21:$D$23,MATCH('STUDENT SCREENING'!AA11,'SCORING MASTER'!$C$21:$C$23,0)),"")) | AC11: =IF('STUDENT SCREENING'!AB11="","",IFERROR(INDEX('SCORING MASTER'!$D$25:$D$27,MATCH('STUDENT SCREENING'!AB11,'SCORING MASTER'!$C$25:$C$27,0)),"")) | AD11: =IF('STUDENT SCREENING'!AC11="","",IFERROR(INDEX('SCORING MASTER'!$D$29:$D$31,MATCH('STUDENT SCREENING'!AC11,'SCORING MASTER'!$C$29:$C$31,0)),"")) | AE11: =IF('STUDENT SCREENING'!AD11="","",IFERROR(INDEX('SCORING MASTER'!$D$33:$D$35,MATCH('STUDENT SCREENING'!AD11,'SCORING MASTER'!$C$33:$C$35,0)),"")) | AF11: =IF('STUDENT SCREENING'!AE11="","",IFERROR(INDEX('SCORING MASTER'!$D$37:$D$39,MATCH('STUDENT SCREENING'!AE11,'SCORING MASTER'!$C$37:$C$39,0)),"")) | AG11: =IF('STUDENT SCREENING'!AF11="","",IFERROR(INDEX('SCORING MASTER'!$D$41:$D$43,MATCH('STUDENT SCREENING'!AF11,'SCORING MASTER'!$C$41:$C$43,0)),"")) | AH11: =IF('STUDENT SCREENING'!AG11="","",IFERROR(INDEX('SCORING MASTER'!$D$45:$D$47,MATCH('STUDENT SCREENING'!AG11,'SCORING MASTER'!$C$45:$C$47,0)),"")) | AI11: =IF('STUDENT SCREENING'!AH11="","",IFERROR(INDEX('SCORING MASTER'!$D$49:$D$52,MATCH('STUDENT SCREENING'!AH11,'SCORING MASTER'!$C$49:$C$52,0)),"")) | AJ11: =IF('STUDENT SCREENING'!AI11="","",IFERROR(INDEX('SCORING MASTER'!$D$54:$D$57,MATCH('STUDENT SCREENING'!AI11,'SCORING MASTER'!$C$54:$C$57,0)),"")) | AK11: =IF('STUDENT SCREENING'!AJ11="","",IFERROR(INDEX('SCORING MASTER'!$D$59:$D$60,MATCH('STUDENT SCREENING'!AJ11,'SCORING MASTER'!$C$59:$C$60,0)),"")) | AL11: =IF('STUDENT SCREENING'!AK11="","",IFERROR(INDEX('SCORING MASTER'!$D$62:$D$63,MATCH('STUDENT SCREENING'!AK11,'SCORING MASTER'!$C$62:$C$63,0)),"")) | AM11: =IF('STUDENT SCREENING'!AL11="","",IFERROR(INDEX('SCORING MASTER'!$D$65:$D$66,MATCH('STUDENT SCREENING'!AL11,'SCORING MASTER'!$C$65:$C$66,0)),"")) | AN11: =IF('STUDENT SCREENING'!AM11="","",IFERROR(INDEX('SCORING MASTER'!$D$68:$D$69,MATCH('STUDENT SCREENING'!AM11,'SCORING MASTER'!$C$68:$C$69,0)),"")) | AO11: =IF('STUDENT SCREENING'!AN11="","",IFERROR(INDEX('SCORING MASTER'!$D$71:$D$72,MATCH('STUDENT SCREENING'!AN11,'SCORING MASTER'!$C$71:$C$72,0)),"")) | AP11: =IF('STUDENT SCREENING'!AO11="","",IFERROR(INDEX('SCORING MASTER'!$D$74:$D$75,MATCH('STUDENT SCREENING'!AO11,'SCORING MASTER'!$C$74:$C$75,0)),"")) | AQ11: =IF('STUDENT SCREENING'!AP11="","",IFERROR(INDEX('SCORING MASTER'!$D$77:$D$78,MATCH('STUDENT SCREENING'!AP11,'SCORING MASTER'!$C$77:$C$78,0)),"")) | AR11: =IF('STUDENT SCREENING'!AQ11="","",IFERROR(INDEX('SCORING MASTER'!$D$80:$D$82,MATCH('STUDENT SCREENING'!AQ11,'SCORING MASTER'!$C$80:$C$82,0)),"")) | AS11: =IF('STUDENT SCREENING'!AR11="","",IFERROR(INDEX('SCORING MASTER'!$D$84:$D$86,MATCH('STUDENT SCREENING'!AR11,'SCORING MASTER'!$C$84:$C$86,0)),"")) | AT11: =IF('STUDENT SCREENING'!AS11="","",IFERROR(INDEX('SCORING MASTER'!$D$88:$D$90,MATCH('STUDENT SCREENING'!AS11,'SCORING MASTER'!$C$88:$C$90,0)),"")) | AU11: =IF('STUDENT SCREENING'!AT11="","",IFERROR(INDEX('SCORING MASTER'!$D$92:$D$93,MATCH('STUDENT SCREENING'!AT11,'SCORING MASTER'!$C$92:$C$93,0)),"")) | AV11: =IF('STUDENT SCREENING'!AU11="","",IFERROR(INDEX('SCORING MASTER'!$D$95:$D$96,MATCH('STUDENT SCREENING'!AU11,'SCORING MASTER'!$C$95:$C$96,0)),"")) | AW11: =IF('STUDENT SCREENING'!AV11="","",IFERROR(INDEX('SCORING MASTER'!$D$98:$D$99,MATCH('STUDENT SCREENING'!AV11,'SCORING MASTER'!$C$98:$C$99,0)),"")) | AX11: =IF('STUDENT SCREENING'!AW11="","",IFERROR(INDEX('SCORING MASTER'!$D$101:$D$102,MATCH('STUDENT SCREENING'!AW11,'SCORING MASTER'!$C$101:$C$102,0)),"")) | AY11: =IF('STUDENT SCREENING'!AX11="","",IFERROR(INDEX('SCORING MASTER'!$D$104:$D$105,MATCH('STUDENT SCREENING'!AX11,'SCORING MASTER'!$C$104:$C$105,0)),"")) | AZ11: =IF('STUDENT SCREENING'!AY11="","",IFERROR(INDEX('SCORING MASTER'!$D$107:$D$108,MATCH('STUDENT SCREENING'!AY11,'SCORING MASTER'!$C$107:$C$108,0)),"")) | BA11: =IF('STUDENT SCREENING'!AZ11="","",IFERROR(INDEX('SCORING MASTER'!$D$110:$D$111,MATCH('STUDENT SCREENING'!AZ11,'SCORING MASTER'!$C$110:$C$111,0)),"")) | BB11: =IF('STUDENT SCREENING'!BA11="","",IFERROR(INDEX('SCORING MASTER'!$D$113:$D$115,MATCH('STUDENT SCREENING'!BA11,'SCORING MASTER'!$C$113:$C$115,0)),"")) | BC11: =IF('STUDENT SCREENING'!BB11="","",IFERROR(INDEX('SCORING MASTER'!$D$117:$D$119,MATCH('STUDENT SCREENING'!BB11,'SCORING MASTER'!$C$117:$C$119,0)),"")) | BD11: =IF('STUDENT SCREENING'!BC11="","",IFERROR(INDEX('SCORING MASTER'!$D$121:$D$123,MATCH('STUDENT SCREENING'!BC11,'SCORING MASTER'!$C$121:$C$123,0)),"")) | BE11: =IF('STUDENT SCREENING'!BD11="","",IFERROR(INDEX('SCORING MASTER'!$D$125:$D$126,MATCH('STUDENT SCREENING'!BD11,'SCORING MASTER'!$C$125:$C$126,0)),"")) | BF11: =IF('STUDENT SCREENING'!BE11="","",IFERROR(INDEX('SCORING MASTER'!$D$128:$D$129,MATCH('STUDENT SCREENING'!BE11,'SCORING MASTER'!$C$128:$C$129,0)),"")) | BG11: =IF('STUDENT SCREENING'!BP11="","",IFERROR(MATCH('STUDENT SCREENING'!BP11,{"Red - High Risk","Orange - Moderate Risk","Yellow - Mild Risk","Light Green - Mild Watch","Green - Healthy"},0)-1,"")) | BH11: =IF('STUDENT SCREENING'!BQ11="","",IF('STUDENT SCREENING'!BQ11="Yes",1,0)) | BI11: =IF('STUDENT SCREENING'!BR11="","",IF('STUDENT SCREENING'!BR11="Yes",1,0))
A12: ='STUDENT SCREENING'!A12 | B12: ='STUDENT SCREENING'!C12 -> 0 | C12: ='STUDENT SCREENING'!D12 -> 0 | D12: ='STUDENT SCREENING'!E12 -> 0 | E12: ='STUDENT SCREENING'!F12 -> 0 | F12: ='STUDENT SCREENING'!K12 -> 0 | G12: ='STUDENT SCREENING'!J12 -> 0 | H12: =IF('STUDENT SCREENING'!K12="","",IFERROR(MATCH('STUDENT SCREENING'!K12,Adm_Gender,0),"")) | I12: ='STUDENT SCREENING'!Q12 -> 0 | J12: ='STUDENT SCREENING'!R12 -> 0 | K12: ='STUDENT SCREENING'!S12 | L12: ='STUDENT SCREENING'!U12 -> 0 | M12: ='STUDENT SCREENING'!V12 -> 0 | N12: ='STUDENT SCREENING'!BF12 | O12: ='STUDENT SCREENING'!BG12 | P12: ='STUDENT SCREENING'!BH12 | Q12: ='STUDENT SCREENING'!BI12 | R12: ='STUDENT SCREENING'!BJ12 | S12: ='STUDENT SCREENING'!BK12 | T12: ='STUDENT SCREENING'!BL12 | U12: ='STUDENT SCREENING'!BM12 | ... W12: ='STUDENT SCREENING'!BO12 | X12: =IF('STUDENT SCREENING'!W12="","",IFERROR(INDEX('SCORING MASTER'!$D$5:$D$7,MATCH('STUDENT SCREENING'!W12,'SCORING MASTER'!$C$5:$C$7,0)),"")) | Y12: =IF('STUDENT SCREENING'!X12="","",IFERROR(INDEX('SCORING MASTER'!$D$9:$D$11,MATCH('STUDENT SCREENING'!X12,'SCORING MASTER'!$C$9:$C$11,0)),"")) | Z12: =IF('STUDENT SCREENING'!Y12="","",IFERROR(INDEX('SCORING MASTER'!$D$13:$D$15,MATCH('STUDENT SCREENING'!Y12,'SCORING MASTER'!$C$13:$C$15,0)),"")) | AA12: =IF('STUDENT SCREENING'!Z12="","",IFERROR(INDEX('SCORING MASTER'!$D$17:$D$19,MATCH('STUDENT SCREENING'!Z12,'SCORING MASTER'!$C$17:$C$19,0)),"")) | AB12: =IF('STUDENT SCREENING'!AA12="","",IFERROR(INDEX('SCORING MASTER'!$D$21:$D$23,MATCH('STUDENT SCREENING'!AA12,'SCORING MASTER'!$C$21:$C$23,0)),"")) | AC12: =IF('STUDENT SCREENING'!AB12="","",IFERROR(INDEX('SCORING MASTER'!$D$25:$D$27,MATCH('STUDENT SCREENING'!AB12,'SCORING MASTER'!$C$25:$C$27,0)),"")) | AD12: =IF('STUDENT SCREENING'!AC12="","",IFERROR(INDEX('SCORING MASTER'!$D$29:$D$31,MATCH('STUDENT SCREENING'!AC12,'SCORING MASTER'!$C$29:$C$31,0)),"")) | AE12: =IF('STUDENT SCREENING'!AD12="","",IFERROR(INDEX('SCORING MASTER'!$D$33:$D$35,MATCH('STUDENT SCREENING'!AD12,'SCORING MASTER'!$C$33:$C$35,0)),"")) | AF12: =IF('STUDENT SCREENING'!AE12="","",IFERROR(INDEX('SCORING MASTER'!$D$37:$D$39,MATCH('STUDENT SCREENING'!AE12,'SCORING MASTER'!$C$37:$C$39,0)),"")) | AG12: =IF('STUDENT SCREENING'!AF12="","",IFERROR(INDEX('SCORING MASTER'!$D$41:$D$43,MATCH('STUDENT SCREENING'!AF12,'SCORING MASTER'!$C$41:$C$43,0)),"")) | AH12: =IF('STUDENT SCREENING'!AG12="","",IFERROR(INDEX('SCORING MASTER'!$D$45:$D$47,MATCH('STUDENT SCREENING'!AG12,'SCORING MASTER'!$C$45:$C$47,0)),"")) | AI12: =IF('STUDENT SCREENING'!AH12="","",IFERROR(INDEX('SCORING MASTER'!$D$49:$D$52,MATCH('STUDENT SCREENING'!AH12,'SCORING MASTER'!$C$49:$C$52,0)),"")) | AJ12: =IF('STUDENT SCREENING'!AI12="","",IFERROR(INDEX('SCORING MASTER'!$D$54:$D$57,MATCH('STUDENT SCREENING'!AI12,'SCORING MASTER'!$C$54:$C$57,0)),"")) | AK12: =IF('STUDENT SCREENING'!AJ12="","",IFERROR(INDEX('SCORING MASTER'!$D$59:$D$60,MATCH('STUDENT SCREENING'!AJ12,'SCORING MASTER'!$C$59:$C$60,0)),"")) | AL12: =IF('STUDENT SCREENING'!AK12="","",IFERROR(INDEX('SCORING MASTER'!$D$62:$D$63,MATCH('STUDENT SCREENING'!AK12,'SCORING MASTER'!$C$62:$C$63,0)),"")) | AM12: =IF('STUDENT SCREENING'!AL12="","",IFERROR(INDEX('SCORING MASTER'!$D$65:$D$66,MATCH('STUDENT SCREENING'!AL12,'SCORING MASTER'!$C$65:$C$66,0)),"")) | AN12: =IF('STUDENT SCREENING'!AM12="","",IFERROR(INDEX('SCORING MASTER'!$D$68:$D$69,MATCH('STUDENT SCREENING'!AM12,'SCORING MASTER'!$C$68:$C$69,0)),"")) | AO12: =IF('STUDENT SCREENING'!AN12="","",IFERROR(INDEX('SCORING MASTER'!$D$71:$D$72,MATCH('STUDENT SCREENING'!AN12,'SCORING MASTER'!$C$71:$C$72,0)),"")) | AP12: =IF('STUDENT SCREENING'!AO12="","",IFERROR(INDEX('SCORING MASTER'!$D$74:$D$75,MATCH('STUDENT SCREENING'!AO12,'SCORING MASTER'!$C$74:$C$75,0)),"")) | AQ12: =IF('STUDENT SCREENING'!AP12="","",IFERROR(INDEX('SCORING MASTER'!$D$77:$D$78,MATCH('STUDENT SCREENING'!AP12,'SCORING MASTER'!$C$77:$C$78,0)),"")) | AR12: =IF('STUDENT SCREENING'!AQ12="","",IFERROR(INDEX('SCORING MASTER'!$D$80:$D$82,MATCH('STUDENT SCREENING'!AQ12,'SCORING MASTER'!$C$80:$C$82,0)),"")) | AS12: =IF('STUDENT SCREENING'!AR12="","",IFERROR(INDEX('SCORING MASTER'!$D$84:$D$86,MATCH('STUDENT SCREENING'!AR12,'SCORING MASTER'!$C$84:$C$86,0)),"")) | AT12: =IF('STUDENT SCREENING'!AS12="","",IFERROR(INDEX('SCORING MASTER'!$D$88:$D$90,MATCH('STUDENT SCREENING'!AS12,'SCORING MASTER'!$C$88:$C$90,0)),"")) | AU12: =IF('STUDENT SCREENING'!AT12="","",IFERROR(INDEX('SCORING MASTER'!$D$92:$D$93,MATCH('STUDENT SCREENING'!AT12,'SCORING MASTER'!$C$92:$C$93,0)),"")) | AV12: =IF('STUDENT SCREENING'!AU12="","",IFERROR(INDEX('SCORING MASTER'!$D$95:$D$96,MATCH('STUDENT SCREENING'!AU12,'SCORING MASTER'!$C$95:$C$96,0)),"")) | AW12: =IF('STUDENT SCREENING'!AV12="","",IFERROR(INDEX('SCORING MASTER'!$D$98:$D$99,MATCH('STUDENT SCREENING'!AV12,'SCORING MASTER'!$C$98:$C$99,0)),"")) | AX12: =IF('STUDENT SCREENING'!AW12="","",IFERROR(INDEX('SCORING MASTER'!$D$101:$D$102,MATCH('STUDENT SCREENING'!AW12,'SCORING MASTER'!$C$101:$C$102,0)),"")) | AY12: =IF('STUDENT SCREENING'!AX12="","",IFERROR(INDEX('SCORING MASTER'!$D$104:$D$105,MATCH('STUDENT SCREENING'!AX12,'SCORING MASTER'!$C$104:$C$105,0)),"")) | AZ12: =IF('STUDENT SCREENING'!AY12="","",IFERROR(INDEX('SCORING MASTER'!$D$107:$D$108,MATCH('STUDENT SCREENING'!AY12,'SCORING MASTER'!$C$107:$C$108,0)),"")) | BA12: =IF('STUDENT SCREENING'!AZ12="","",IFERROR(INDEX('SCORING MASTER'!$D$110:$D$111,MATCH('STUDENT SCREENING'!AZ12,'SCORING MASTER'!$C$110:$C$111,0)),"")) | BB12: =IF('STUDENT SCREENING'!BA12="","",IFERROR(INDEX('SCORING MASTER'!$D$113:$D$115,MATCH('STUDENT SCREENING'!BA12,'SCORING MASTER'!$C$113:$C$115,0)),"")) | BC12: =IF('STUDENT SCREENING'!BB12="","",IFERROR(INDEX('SCORING MASTER'!$D$117:$D$119,MATCH('STUDENT SCREENING'!BB12,'SCORING MASTER'!$C$117:$C$119,0)),"")) | BD12: =IF('STUDENT SCREENING'!BC12="","",IFERROR(INDEX('SCORING MASTER'!$D$121:$D$123,MATCH('STUDENT SCREENING'!BC12,'SCORING MASTER'!$C$121:$C$123,0)),"")) | BE12: =IF('STUDENT SCREENING'!BD12="","",IFERROR(INDEX('SCORING MASTER'!$D$125:$D$126,MATCH('STUDENT SCREENING'!BD12,'SCORING MASTER'!$C$125:$C$126,0)),"")) | BF12: =IF('STUDENT SCREENING'!BE12="","",IFERROR(INDEX('SCORING MASTER'!$D$128:$D$129,MATCH('STUDENT SCREENING'!BE12,'SCORING MASTER'!$C$128:$C$129,0)),"")) | BG12: =IF('STUDENT SCREENING'!BP12="","",IFERROR(MATCH('STUDENT SCREENING'!BP12,{"Red - High Risk","Orange - Moderate Risk","Yellow - Mild Risk","Light Green - Mild Watch","Green - Healthy"},0)-1,"")) | BH12: =IF('STUDENT SCREENING'!BQ12="","",IF('STUDENT SCREENING'!BQ12="Yes",1,0)) | BI12: =IF('STUDENT SCREENING'!BR12="","",IF('STUDENT SCREENING'!BR12="Yes",1,0))
A13: ='STUDENT SCREENING'!A13 | B13: ='STUDENT SCREENING'!C13 -> 0 | C13: ='STUDENT SCREENING'!D13 -> 0 | D13: ='STUDENT SCREENING'!E13 -> 0 | E13: ='STUDENT SCREENING'!F13 -> 0 | F13: ='STUDENT SCREENING'!K13 -> 0 | G13: ='STUDENT SCREENING'!J13 -> 0 | H13: =IF('STUDENT SCREENING'!K13="","",IFERROR(MATCH('STUDENT SCREENING'!K13,Adm_Gender,0),"")) | I13: ='STUDENT SCREENING'!Q13 -> 0 | J13: ='STUDENT SCREENING'!R13 -> 0 | K13: ='STUDENT SCREENING'!S13 | L13: ='STUDENT SCREENING'!U13 -> 0 | M13: ='STUDENT SCREENING'!V13 -> 0 | N13: ='STUDENT SCREENING'!BF13 | O13: ='STUDENT SCREENING'!BG13 | P13: ='STUDENT SCREENING'!BH13 | Q13: ='STUDENT SCREENING'!BI13 | R13: ='STUDENT SCREENING'!BJ13 | S13: ='STUDENT SCREENING'!BK13 | T13: ='STUDENT SCREENING'!BL13 | U13: ='STUDENT SCREENING'!BM13 | ... W13: ='STUDENT SCREENING'!BO13 | X13: =IF('STUDENT SCREENING'!W13="","",IFERROR(INDEX('SCORING MASTER'!$D$5:$D$7,MATCH('STUDENT SCREENING'!W13,'SCORING MASTER'!$C$5:$C$7,0)),"")) | Y13: =IF('STUDENT SCREENING'!X13="","",IFERROR(INDEX('SCORING MASTER'!$D$9:$D$11,MATCH('STUDENT SCREENING'!X13,'SCORING MASTER'!$C$9:$C$11,0)),"")) | Z13: =IF('STUDENT SCREENING'!Y13="","",IFERROR(INDEX('SCORING MASTER'!$D$13:$D$15,MATCH('STUDENT SCREENING'!Y13,'SCORING MASTER'!$C$13:$C$15,0)),"")) | AA13: =IF('STUDENT SCREENING'!Z13="","",IFERROR(INDEX('SCORING MASTER'!$D$17:$D$19,MATCH('STUDENT SCREENING'!Z13,'SCORING MASTER'!$C$17:$C$19,0)),"")) | AB13: =IF('STUDENT SCREENING'!AA13="","",IFERROR(INDEX('SCORING MASTER'!$D$21:$D$23,MATCH('STUDENT SCREENING'!AA13,'SCORING MASTER'!$C$21:$C$23,0)),"")) | AC13: =IF('STUDENT SCREENING'!AB13="","",IFERROR(INDEX('SCORING MASTER'!$D$25:$D$27,MATCH('STUDENT SCREENING'!AB13,'SCORING MASTER'!$C$25:$C$27,0)),"")) | AD13: =IF('STUDENT SCREENING'!AC13="","",IFERROR(INDEX('SCORING MASTER'!$D$29:$D$31,MATCH('STUDENT SCREENING'!AC13,'SCORING MASTER'!$C$29:$C$31,0)),"")) | AE13: =IF('STUDENT SCREENING'!AD13="","",IFERROR(INDEX('SCORING MASTER'!$D$33:$D$35,MATCH('STUDENT SCREENING'!AD13,'SCORING MASTER'!$C$33:$C$35,0)),"")) | AF13: =IF('STUDENT SCREENING'!AE13="","",IFERROR(INDEX('SCORING MASTER'!$D$37:$D$39,MATCH('STUDENT SCREENING'!AE13,'SCORING MASTER'!$C$37:$C$39,0)),"")) | AG13: =IF('STUDENT SCREENING'!AF13="","",IFERROR(INDEX('SCORING MASTER'!$D$41:$D$43,MATCH('STUDENT SCREENING'!AF13,'SCORING MASTER'!$C$41:$C$43,0)),"")) | AH13: =IF('STUDENT SCREENING'!AG13="","",IFERROR(INDEX('SCORING MASTER'!$D$45:$D$47,MATCH('STUDENT SCREENING'!AG13,'SCORING MASTER'!$C$45:$C$47,0)),"")) | AI13: =IF('STUDENT SCREENING'!AH13="","",IFERROR(INDEX('SCORING MASTER'!$D$49:$D$52,MATCH('STUDENT SCREENING'!AH13,'SCORING MASTER'!$C$49:$C$52,0)),"")) | AJ13: =IF('STUDENT SCREENING'!AI13="","",IFERROR(INDEX('SCORING MASTER'!$D$54:$D$57,MATCH('STUDENT SCREENING'!AI13,'SCORING MASTER'!$C$54:$C$57,0)),"")) | AK13: =IF('STUDENT SCREENING'!AJ13="","",IFERROR(INDEX('SCORING MASTER'!$D$59:$D$60,MATCH('STUDENT SCREENING'!AJ13,'SCORING MASTER'!$C$59:$C$60,0)),"")) | AL13: =IF('STUDENT SCREENING'!AK13="","",IFERROR(INDEX('SCORING MASTER'!$D$62:$D$63,MATCH('STUDENT SCREENING'!AK13,'SCORING MASTER'!$C$62:$C$63,0)),"")) | AM13: =IF('STUDENT SCREENING'!AL13="","",IFERROR(INDEX('SCORING MASTER'!$D$65:$D$66,MATCH('STUDENT SCREENING'!AL13,'SCORING MASTER'!$C$65:$C$66,0)),"")) | AN13: =IF('STUDENT SCREENING'!AM13="","",IFERROR(INDEX('SCORING MASTER'!$D$68:$D$69,MATCH('STUDENT SCREENING'!AM13,'SCORING MASTER'!$C$68:$C$69,0)),"")) | AO13: =IF('STUDENT SCREENING'!AN13="","",IFERROR(INDEX('SCORING MASTER'!$D$71:$D$72,MATCH('STUDENT SCREENING'!AN13,'SCORING MASTER'!$C$71:$C$72,0)),"")) | AP13: =IF('STUDENT SCREENING'!AO13="","",IFERROR(INDEX('SCORING MASTER'!$D$74:$D$75,MATCH('STUDENT SCREENING'!AO13,'SCORING MASTER'!$C$74:$C$75,0)),"")) | AQ13: =IF('STUDENT SCREENING'!AP13="","",IFERROR(INDEX('SCORING MASTER'!$D$77:$D$78,MATCH('STUDENT SCREENING'!AP13,'SCORING MASTER'!$C$77:$C$78,0)),"")) | AR13: =IF('STUDENT SCREENING'!AQ13="","",IFERROR(INDEX('SCORING MASTER'!$D$80:$D$82,MATCH('STUDENT SCREENING'!AQ13,'SCORING MASTER'!$C$80:$C$82,0)),"")) | AS13: =IF('STUDENT SCREENING'!AR13="","",IFERROR(INDEX('SCORING MASTER'!$D$84:$D$86,MATCH('STUDENT SCREENING'!AR13,'SCORING MASTER'!$C$84:$C$86,0)),"")) | AT13: =IF('STUDENT SCREENING'!AS13="","",IFERROR(INDEX('SCORING MASTER'!$D$88:$D$90,MATCH('STUDENT SCREENING'!AS13,'SCORING MASTER'!$C$88:$C$90,0)),"")) | AU13: =IF('STUDENT SCREENING'!AT13="","",IFERROR(INDEX('SCORING MASTER'!$D$92:$D$93,MATCH('STUDENT SCREENING'!AT13,'SCORING MASTER'!$C$92:$C$93,0)),"")) | AV13: =IF('STUDENT SCREENING'!AU13="","",IFERROR(INDEX('SCORING MASTER'!$D$95:$D$96,MATCH('STUDENT SCREENING'!AU13,'SCORING MASTER'!$C$95:$C$96,0)),"")) | AW13: =IF('STUDENT SCREENING'!AV13="","",IFERROR(INDEX('SCORING MASTER'!$D$98:$D$99,MATCH('STUDENT SCREENING'!AV13,'SCORING MASTER'!$C$98:$C$99,0)),"")) | AX13: =IF('STUDENT SCREENING'!AW13="","",IFERROR(INDEX('SCORING MASTER'!$D$101:$D$102,MATCH('STUDENT SCREENING'!AW13,'SCORING MASTER'!$C$101:$C$102,0)),"")) | AY13: =IF('STUDENT SCREENING'!AX13="","",IFERROR(INDEX('SCORING MASTER'!$D$104:$D$105,MATCH('STUDENT SCREENING'!AX13,'SCORING MASTER'!$C$104:$C$105,0)),"")) | AZ13: =IF('STUDENT SCREENING'!AY13="","",IFERROR(INDEX('SCORING MASTER'!$D$107:$D$108,MATCH('STUDENT SCREENING'!AY13,'SCORING MASTER'!$C$107:$C$108,0)),"")) | BA13: =IF('STUDENT SCREENING'!AZ13="","",IFERROR(INDEX('SCORING MASTER'!$D$110:$D$111,MATCH('STUDENT SCREENING'!AZ13,'SCORING MASTER'!$C$110:$C$111,0)),"")) | BB13: =IF('STUDENT SCREENING'!BA13="","",IFERROR(INDEX('SCORING MASTER'!$D$113:$D$115,MATCH('STUDENT SCREENING'!BA13,'SCORING MASTER'!$C$113:$C$115,0)),"")) | BC13: =IF('STUDENT SCREENING'!BB13="","",IFERROR(INDEX('SCORING MASTER'!$D$117:$D$119,MATCH('STUDENT SCREENING'!BB13,'SCORING MASTER'!$C$117:$C$119,0)),"")) | BD13: =IF('STUDENT SCREENING'!BC13="","",IFERROR(INDEX('SCORING MASTER'!$D$121:$D$123,MATCH('STUDENT SCREENING'!BC13,'SCORING MASTER'!$C$121:$C$123,0)),"")) | BE13: =IF('STUDENT SCREENING'!BD13="","",IFERROR(INDEX('SCORING MASTER'!$D$125:$D$126,MATCH('STUDENT SCREENING'!BD13,'SCORING MASTER'!$C$125:$C$126,0)),"")) | BF13: =IF('STUDENT SCREENING'!BE13="","",IFERROR(INDEX('SCORING MASTER'!$D$128:$D$129,MATCH('STUDENT SCREENING'!BE13,'SCORING MASTER'!$C$128:$C$129,0)),"")) | BG13: =IF('STUDENT SCREENING'!BP13="","",IFERROR(MATCH('STUDENT SCREENING'!BP13,{"Red - High Risk","Orange - Moderate Risk","Yellow - Mild Risk","Light Green - Mild Watch","Green - Healthy"},0)-1,"")) | BH13: =IF('STUDENT SCREENING'!BQ13="","",IF('STUDENT SCREENING'!BQ13="Yes",1,0)) | BI13: =IF('STUDENT SCREENING'!BR13="","",IF('STUDENT SCREENING'!BR13="Yes",1,0))
A14: ='STUDENT SCREENING'!A14 | B14: ='STUDENT SCREENING'!C14 -> 0 | C14: ='STUDENT SCREENING'!D14 -> 0 | D14: ='STUDENT SCREENING'!E14 -> 0 | E14: ='STUDENT SCREENING'!F14 -> 0 | F14: ='STUDENT SCREENING'!K14 -> 0 | G14: ='STUDENT SCREENING'!J14 -> 0 | H14: =IF('STUDENT SCREENING'!K14="","",IFERROR(MATCH('STUDENT SCREENING'!K14,Adm_Gender,0),"")) | I14: ='STUDENT SCREENING'!Q14 -> 0 | J14: ='STUDENT SCREENING'!R14 -> 0 | K14: ='STUDENT SCREENING'!S14 | L14: ='STUDENT SCREENING'!U14 -> 0 | M14: ='STUDENT SCREENING'!V14 -> 0 | N14: ='STUDENT SCREENING'!BF14 | O14: ='STUDENT SCREENING'!BG14 | P14: ='STUDENT SCREENING'!BH14 | Q14: ='STUDENT SCREENING'!BI14 | R14: ='STUDENT SCREENING'!BJ14 | S14: ='STUDENT SCREENING'!BK14 | T14: ='STUDENT SCREENING'!BL14 | U14: ='STUDENT SCREENING'!BM14 | ... W14: ='STUDENT SCREENING'!BO14 | X14: =IF('STUDENT SCREENING'!W14="","",IFERROR(INDEX('SCORING MASTER'!$D$5:$D$7,MATCH('STUDENT SCREENING'!W14,'SCORING MASTER'!$C$5:$C$7,0)),"")) | Y14: =IF('STUDENT SCREENING'!X14="","",IFERROR(INDEX('SCORING MASTER'!$D$9:$D$11,MATCH('STUDENT SCREENING'!X14,'SCORING MASTER'!$C$9:$C$11,0)),"")) | Z14: =IF('STUDENT SCREENING'!Y14="","",IFERROR(INDEX('SCORING MASTER'!$D$13:$D$15,MATCH('STUDENT SCREENING'!Y14,'SCORING MASTER'!$C$13:$C$15,0)),"")) | AA14: =IF('STUDENT SCREENING'!Z14="","",IFERROR(INDEX('SCORING MASTER'!$D$17:$D$19,MATCH('STUDENT SCREENING'!Z14,'SCORING MASTER'!$C$17:$C$19,0)),"")) | AB14: =IF('STUDENT SCREENING'!AA14="","",IFERROR(INDEX('SCORING MASTER'!$D$21:$D$23,MATCH('STUDENT SCREENING'!AA14,'SCORING MASTER'!$C$21:$C$23,0)),"")) | AC14: =IF('STUDENT SCREENING'!AB14="","",IFERROR(INDEX('SCORING MASTER'!$D$25:$D$27,MATCH('STUDENT SCREENING'!AB14,'SCORING MASTER'!$C$25:$C$27,0)),"")) | AD14: =IF('STUDENT SCREENING'!AC14="","",IFERROR(INDEX('SCORING MASTER'!$D$29:$D$31,MATCH('STUDENT SCREENING'!AC14,'SCORING MASTER'!$C$29:$C$31,0)),"")) | AE14: =IF('STUDENT SCREENING'!AD14="","",IFERROR(INDEX('SCORING MASTER'!$D$33:$D$35,MATCH('STUDENT SCREENING'!AD14,'SCORING MASTER'!$C$33:$C$35,0)),"")) | AF14: =IF('STUDENT SCREENING'!AE14="","",IFERROR(INDEX('SCORING MASTER'!$D$37:$D$39,MATCH('STUDENT SCREENING'!AE14,'SCORING MASTER'!$C$37:$C$39,0)),"")) | AG14: =IF('STUDENT SCREENING'!AF14="","",IFERROR(INDEX('SCORING MASTER'!$D$41:$D$43,MATCH('STUDENT SCREENING'!AF14,'SCORING MASTER'!$C$41:$C$43,0)),"")) | AH14: =IF('STUDENT SCREENING'!AG14="","",IFERROR(INDEX('SCORING MASTER'!$D$45:$D$47,MATCH('STUDENT SCREENING'!AG14,'SCORING MASTER'!$C$45:$C$47,0)),"")) | AI14: =IF('STUDENT SCREENING'!AH14="","",IFERROR(INDEX('SCORING MASTER'!$D$49:$D$52,MATCH('STUDENT SCREENING'!AH14,'SCORING MASTER'!$C$49:$C$52,0)),"")) | AJ14: =IF('STUDENT SCREENING'!AI14="","",IFERROR(INDEX('SCORING MASTER'!$D$54:$D$57,MATCH('STUDENT SCREENING'!AI14,'SCORING MASTER'!$C$54:$C$57,0)),"")) | AK14: =IF('STUDENT SCREENING'!AJ14="","",IFERROR(INDEX('SCORING MASTER'!$D$59:$D$60,MATCH('STUDENT SCREENING'!AJ14,'SCORING MASTER'!$C$59:$C$60,0)),"")) | AL14: =IF('STUDENT SCREENING'!AK14="","",IFERROR(INDEX('SCORING MASTER'!$D$62:$D$63,MATCH('STUDENT SCREENING'!AK14,'SCORING MASTER'!$C$62:$C$63,0)),"")) | AM14: =IF('STUDENT SCREENING'!AL14="","",IFERROR(INDEX('SCORING MASTER'!$D$65:$D$66,MATCH('STUDENT SCREENING'!AL14,'SCORING MASTER'!$C$65:$C$66,0)),"")) | AN14: =IF('STUDENT SCREENING'!AM14="","",IFERROR(INDEX('SCORING MASTER'!$D$68:$D$69,MATCH('STUDENT SCREENING'!AM14,'SCORING MASTER'!$C$68:$C$69,0)),"")) | AO14: =IF('STUDENT SCREENING'!AN14="","",IFERROR(INDEX('SCORING MASTER'!$D$71:$D$72,MATCH('STUDENT SCREENING'!AN14,'SCORING MASTER'!$C$71:$C$72,0)),"")) | AP14: =IF('STUDENT SCREENING'!AO14="","",IFERROR(INDEX('SCORING MASTER'!$D$74:$D$75,MATCH('STUDENT SCREENING'!AO14,'SCORING MASTER'!$C$74:$C$75,0)),"")) | AQ14: =IF('STUDENT SCREENING'!AP14="","",IFERROR(INDEX('SCORING MASTER'!$D$77:$D$78,MATCH('STUDENT SCREENING'!AP14,'SCORING MASTER'!$C$77:$C$78,0)),"")) | AR14: =IF('STUDENT SCREENING'!AQ14="","",IFERROR(INDEX('SCORING MASTER'!$D$80:$D$82,MATCH('STUDENT SCREENING'!AQ14,'SCORING MASTER'!$C$80:$C$82,0)),"")) | AS14: =IF('STUDENT SCREENING'!AR14="","",IFERROR(INDEX('SCORING MASTER'!$D$84:$D$86,MATCH('STUDENT SCREENING'!AR14,'SCORING MASTER'!$C$84:$C$86,0)),"")) | AT14: =IF('STUDENT SCREENING'!AS14="","",IFERROR(INDEX('SCORING MASTER'!$D$88:$D$90,MATCH('STUDENT SCREENING'!AS14,'SCORING MASTER'!$C$88:$C$90,0)),"")) | AU14: =IF('STUDENT SCREENING'!AT14="","",IFERROR(INDEX('SCORING MASTER'!$D$92:$D$93,MATCH('STUDENT SCREENING'!AT14,'SCORING MASTER'!$C$92:$C$93,0)),"")) | AV14: =IF('STUDENT SCREENING'!AU14="","",IFERROR(INDEX('SCORING MASTER'!$D$95:$D$96,MATCH('STUDENT SCREENING'!AU14,'SCORING MASTER'!$C$95:$C$96,0)),"")) | AW14: =IF('STUDENT SCREENING'!AV14="","",IFERROR(INDEX('SCORING MASTER'!$D$98:$D$99,MATCH('STUDENT SCREENING'!AV14,'SCORING MASTER'!$C$98:$C$99,0)),"")) | AX14: =IF('STUDENT SCREENING'!AW14="","",IFERROR(INDEX('SCORING MASTER'!$D$101:$D$102,MATCH('STUDENT SCREENING'!AW14,'SCORING MASTER'!$C$101:$C$102,0)),"")) | AY14: =IF('STUDENT SCREENING'!AX14="","",IFERROR(INDEX('SCORING MASTER'!$D$104:$D$105,MATCH('STUDENT SCREENING'!AX14,'SCORING MASTER'!$C$104:$C$105,0)),"")) | AZ14: =IF('STUDENT SCREENING'!AY14="","",IFERROR(INDEX('SCORING MASTER'!$D$107:$D$108,MATCH('STUDENT SCREENING'!AY14,'SCORING MASTER'!$C$107:$C$108,0)),"")) | BA14: =IF('STUDENT SCREENING'!AZ14="","",IFERROR(INDEX('SCORING MASTER'!$D$110:$D$111,MATCH('STUDENT SCREENING'!AZ14,'SCORING MASTER'!$C$110:$C$111,0)),"")) | BB14: =IF('STUDENT SCREENING'!BA14="","",IFERROR(INDEX('SCORING MASTER'!$D$113:$D$115,MATCH('STUDENT SCREENING'!BA14,'SCORING MASTER'!$C$113:$C$115,0)),"")) | BC14: =IF('STUDENT SCREENING'!BB14="","",IFERROR(INDEX('SCORING MASTER'!$D$117:$D$119,MATCH('STUDENT SCREENING'!BB14,'SCORING MASTER'!$C$117:$C$119,0)),"")) | BD14: =IF('STUDENT SCREENING'!BC14="","",IFERROR(INDEX('SCORING MASTER'!$D$121:$D$123,MATCH('STUDENT SCREENING'!BC14,'SCORING MASTER'!$C$121:$C$123,0)),"")) | BE14: =IF('STUDENT SCREENING'!BD14="","",IFERROR(INDEX('SCORING MASTER'!$D$125:$D$126,MATCH('STUDENT SCREENING'!BD14,'SCORING MASTER'!$C$125:$C$126,0)),"")) | BF14: =IF('STUDENT SCREENING'!BE14="","",IFERROR(INDEX('SCORING MASTER'!$D$128:$D$129,MATCH('STUDENT SCREENING'!BE14,'SCORING MASTER'!$C$128:$C$129,0)),"")) | BG14: =IF('STUDENT SCREENING'!BP14="","",IFERROR(MATCH('STUDENT SCREENING'!BP14,{"Red - High Risk","Orange - Moderate Risk","Yellow - Mild Risk","Light Green - Mild Watch","Green - Healthy"},0)-1,"")) | BH14: =IF('STUDENT SCREENING'!BQ14="","",IF('STUDENT SCREENING'!BQ14="Yes",1,0)) | BI14: =IF('STUDENT SCREENING'!BR14="","",IF('STUDENT SCREENING'!BR14="Yes",1,0))
